id,date,open,high,low,close,volume,adjClose
1,2012-03-07,66.489998,66.919998,66.339996,66.68,1069100,60.871443
2,2012-03-08,67.849998,69.040001,67.730003,68.800003,1436900,62.80677
3,2012-03-09,68.690002,69.129997,68.540001,68.989998,1006200,62.980215
4,2012-03-12,68.639999,69.5,68.540001,69.389999,719200,63.345372
5,2012-03-13,69.639999,70.769997,69.620003,70.769997,2876700,64.605156
6,2012-03-14,70.470001,70.800003,70.120003,70.43,2908700,64.294777
7,2012-03-15,70.559998,71.550003,70.5,71.459999,2085400,65.235052
8,2012-03-16,71.739998,72.099998,71.620003,72,1402200,65.728013
9,2012-03-19,71.919998,72.519997,71.559998,72.309998,1144200,66.011006
10,2012-03-20,71.309998,71.839996,71.169998,71.650002,1942500,65.408503
11,2012-03-21,71.300003,71.559998,71.040001,71.239998,1725100,65.034215
12,2012-03-22,70.260002,71.040001,70.209999,70.550003,1771200,64.404326
13,2012-03-23,70.220001,70.540001,69.790001,70.379997,1221900,64.24913
14,2012-03-26,70.760002,71.25,70.709999,71.239998,2349700,65.034215
15,2012-03-27,71.220001,71.260002,70.559998,70.580002,855400,64.431712
16,2012-03-28,71.169998,71.18,69.860001,70.209999,1708800,64.09394
17,2012-03-29,69.160004,69.949997,68.980003,69.849998,1333200,63.7653
18,2012-03-30,69.889999,70.169998,69.650002,69.82,2315300,63.737914
19,2012-04-02,70.190002,71.279999,70.010002,70.970001,1582200,64.787738
20,2012-04-03,70.760002,70.779999,68.949997,69.339996,2088300,63.299724
21,2012-04-04,67.949997,68.300003,66.669998,67.480003,2724600,61.601757
22,2012-04-05,66.110001,67.510002,66.029999,67.370003,3228200,61.501339
23,2012-04-09,65.970001,66.5,65.949997,65.949997,1293300,60.205031
24,2012-04-10,66.129997,66.510002,64.290001,64.57,3884000,58.945247
25,2012-04-11,65.75,66.400002,65.459999,65.919998,2572200,60.177645
26,2012-04-12,66.940002,66.970001,65.199997,65.849998,5235300,60.113743
27,2012-04-13,66.489998,66.510002,64.489998,65.419998,5666500,59.721201
28,2012-04-16,63.869999,64.220001,63.380001,63.73,3275800,58.17842
29,2012-04-17,64.269997,65.129997,63.91,64.949997,2400300,59.292142
30,2012-04-18,65.050003,65.449997,64.809998,64.879997,2567100,59.22824
31,2012-04-19,65,65.550003,64.010002,64.279999,2270500,58.680508
32,2012-04-20,65.290001,65.650002,65.099998,65.220001,3112300,59.538626
33,2012-04-23,64.120003,64.309998,63.5,64.239998,1464400,58.643991
34,2012-04-24,64.639999,65.419998,64.279999,65.150002,3258000,59.474724
35,2012-04-25,65.449997,66.120003,65.330002,65.959999,4945400,60.214162
36,2012-04-26,65.400002,67.25,65.309998,67.160004,3353300,61.309633
37,2012-04-27,66.769997,66.970001,66.480003,66.690002,1179700,60.880574
38,2012-04-30,66.169998,66.529999,65.959999,66.290001,1149700,60.515417
39,2012-05-01,66.199997,66.639999,66.160004,66.43,1291800,60.643221
40,2012-05-02,65.849998,66.07,65.279999,65.839996,1307400,60.104613
41,2012-05-03,65.150002,65.610001,64.5,64.68,3209200,59.045665
42,2012-05-04,63.5,63.810001,62.689999,62.919998,1406700,57.438978
43,2012-05-07,62.630001,63.169998,62.400002,63.130001,3606100,57.630688
44,2012-05-08,62.259998,62.509998,61.290001,62.290001,1685300,56.863861
45,2012-05-09,61.419998,62.43,61.16,62.200001,1823800,56.7817
46,2012-05-10,62.540001,62.630001,61.59,61.799999,2447800,56.416543
47,2012-05-11,62.110001,63.259998,61.98,62.849998,2159000,57.375076
48,2012-05-14,61.98,62.810001,61.830002,62.139999,1809900,56.726926
49,2012-05-15,61.450001,61.939999,60.700001,60.790001,1981200,55.494527
50,2012-05-16,61.02,61.34,60.220001,60.330002,1454400,55.074599
51,2012-05-17,60.709999,60.849998,59.849998,59.860001,1272600,54.64554
52,2012-05-18,59.959999,59.970001,58.349998,58.529999,2768500,53.431396
53,2012-05-21,58.34,58.950001,57.900002,58.790001,1566000,55.059104
54,2012-05-22,59.41,59.759998,58.209999,58.689999,2979300,54.965448
55,2012-05-23,58.529999,58.970001,57.740002,58.799999,2280800,55.068468
56,2012-05-24,58.52,58.599998,57.43,57.700001,1826300,54.038277
57,2012-05-25,57.080002,57.619999,57.009998,57.07,1376500,53.448256
58,2012-05-29,58.73,58.98,57.82,58.220001,1269000,54.525277
59,2012-05-30,57.130001,57.25,56.650002,56.759998,1827200,53.157928
60,2012-05-31,58.049999,58.080002,56.66,57.32,3476000,53.682391
61,2012-06-01,55.689999,56.130001,54.970001,55.240002,2233500,51.734393
62,2012-06-04,55.200001,55.599998,54.830002,55.41,1390600,51.893602
63,2012-06-05,54.91,55.77,54.91,55.689999,2079900,52.155832
64,2012-06-06,56.07,57.529999,56,57.529999,3098800,53.879063
65,2012-06-07,58.040001,58.139999,56.75,56.799999,1284100,53.19539
66,2012-06-08,56.400002,57.369999,56.220001,57.310001,1051200,53.673027
67,2012-06-11,58.700001,58.740002,57.049999,57.110001,1666400,53.485719
68,2012-06-12,57.290001,57.740002,56.34,57.68,1042700,54.019545
69,2012-06-13,57.560001,58.32,57.16,57.580002,1104200,53.925893
70,2012-06-14,57.540001,57.779999,57.119999,57.73,1051000,54.066372
71,2012-06-15,58.34,58.939999,58.040001,58.880001,720200,55.143392
72,2012-06-18,58.580002,59.110001,58.360001,58.84,810200,55.10593
73,2012-06-19,59.93,60.619999,59.82,60.18,1817000,56.360892
74,2012-06-20,60.27,60.68,59.939999,60.299999,899800,56.473275
75,2012-06-21,59.689999,59.790001,57.529999,57.57,1351800,53.916526
76,2012-06-22,57.849998,57.880001,57.240002,57.66,1349900,54.000814
77,2012-06-25,56.259998,56.450001,55.900002,56.279999,1615000,52.70839
78,2012-06-26,56.25,56.720001,56.09,56.509998,1096900,52.923793
79,2012-06-27,56.84,57.290001,56.52,57.220001,885000,53.588739
80,2012-06-28,56.060001,56.279999,55.549999,56.220001,1812400,52.6522
81,2012-06-29,58.580002,59.540001,58.380001,59.360001,1837100,55.592931
82,2012-07-02,60.029999,60.049999,59.360001,60.029999,1795900,56.22041
83,2012-07-03,60.060001,60.73,59.919998,60.73,574100,56.875987
84,2012-07-05,58.349998,59.259998,58.110001,58.82,2327000,55.087199
85,2012-07-06,56.709999,56.93,55.400002,55.759998,3036500,52.221389
86,2012-07-09,55.34,55.540001,54.779999,55.5,1849600,51.977891
87,2012-07-10,55.869999,56.18,55.34,55.560001,2792200,52.034085
88,2012-07-11,56.349998,57.259998,56.330002,56.73,2995000,53.129833
89,2012-07-12,59.200001,59.490002,57.459999,58.400002,11270800,54.693854
90,2012-07-13,58.889999,60.740002,58.880001,60.560001,3834400,56.716778
91,2012-07-16,59.950001,60.299999,59.650002,59.950001,1513400,56.145488
92,2012-07-17,60.290001,61.029999,59.619999,60.939999,3230700,57.07266
93,2012-07-18,60.48,63.220001,60.48,62.32,4734300,58.365084
94,2012-07-19,62.599998,62.880001,62.310001,62.529999,1895400,58.561756
95,2012-07-20,61.810001,62.110001,61.389999,61.529999,1426200,57.625218
96,2012-07-23,59.009998,60.27,58.23,60.07,1811200,56.257872
97,2012-07-24,61.740002,61.849998,60.200001,60.849998,2626200,56.988371
98,2012-07-25,61.810001,62,60.900002,61.27,1050700,57.381719
99,2012-07-26,62.830002,63.82,62.740002,63.599998,2165000,59.563852
100,2012-07-27,64.010002,65.32,63.860001,65.110001,1918500,60.978027
101,2012-07-30,63.759998,64.459999,63.759998,64.290001,2201600,60.210066
102,2012-07-31,64.120003,64.349998,63.34,63.360001,1099300,59.339085
103,2012-08-01,63.84,63.849998,62.59,62.77,1081400,58.786527
104,2012-08-02,62.52,63.18,61.889999,62.18,1079900,58.233969
105,2012-08-03,63.900002,65.160004,63.75,64.849998,1493300,60.734525
106,2012-08-06,65.470001,65.800003,65.239998,65.269997,1125400,61.12787
107,2012-08-07,65.18,65.32,64.75,64.849998,1450000,60.734525
108,2012-08-08,64.870003,65.059998,64.440002,64.660004,1154000,60.556588
109,2012-08-09,64.050003,64.790001,64.019997,64.199997,1439500,60.125774
110,2012-08-10,63.34,64.120003,63.16,64.089996,3372600,60.022754
111,2012-08-13,64.199997,64.589996,63.740002,64.25,1342100,60.172604
112,2012-08-14,64.739998,64.779999,64.120003,64.300003,687600,60.219433
113,2012-08-15,63.700001,64.110001,63.669998,63.959999,578200,59.901007
114,2012-08-16,63.650002,64.629997,63.639999,64.379997,763300,60.294351
115,2012-08-17,63.790001,64.190002,63.610001,64.080002,1212000,60.013394
116,2012-08-20,64.849998,65.019997,64.510002,64.839996,1021200,60.725158
117,2012-08-21,65.809998,66.120003,65.209999,65.459999,1045200,61.305814
118,2012-08-22,64.470001,65.18,64.379997,65.029999,794500,60.903103
119,2012-08-23,64.739998,64.790001,64.139999,64.519997,643300,60.425466
120,2012-08-24,64.160004,64.970001,64.040001,64.790001,525500,60.678335
121,2012-08-27,65.139999,65.870003,64.970001,65.489998,1034200,61.333909
122,2012-08-28,65.160004,65.300003,64.720001,64.93,1416600,60.80945
123,2012-08-29,65.209999,65.510002,64.940002,65.010002,847900,60.884375
124,2012-08-30,65.190002,65.190002,63.970001,64.089996,1033500,60.022754
125,2012-08-31,66.139999,66.25,65.32,65.660004,1235700,61.493126
126,2012-09-04,66.519997,66.529999,65.589996,66.129997,1230000,61.933294
127,2012-09-05,66.889999,67.190002,66.639999,66.75,1772500,62.51395
128,2012-09-06,67.129997,68.389999,67.129997,68.150002,1293100,63.825105
129,2012-09-07,68.220001,68.849998,68.129997,68.779999,1243800,64.415122
130,2012-09-10,68.089996,68.769997,67.959999,68.25,882700,63.918758
131,2012-09-11,68.32,69.419998,68.32,69.129997,1212600,64.742909
132,2012-09-12,70.279999,70.550003,69.989998,70.349998,1199900,65.885487
133,2012-09-13,70.269997,71.459999,69.919998,71.339996,960300,66.812659
134,2012-09-14,71.93,72.5,71.769997,72.029999,747000,67.458873
135,2012-09-17,72.169998,72.43,71.559998,71.830002,566400,67.271568
136,2012-09-18,72.169998,72.980003,72.040001,72.849998,950400,68.226834
137,2012-09-19,72.82,73.18,72.650002,72.900002,762800,68.273664
138,2012-09-20,72.300003,72.620003,71.949997,72.419998,1092400,67.824122
139,2012-09-21,73.779999,73.860001,72.830002,72.900002,1112300,68.273664
140,2012-09-24,72.260002,72.580002,72.080002,72.309998,606000,67.721102
141,2012-09-25,73.209999,73.599998,72.089996,72.120003,1810200,67.543165
142,2012-09-26,70.970001,71.120003,70.550003,70.720001,979600,66.232009
143,2012-09-27,71.32,71.739998,70.769997,71.379997,1327700,66.850121
144,2012-09-28,71.400002,71.620003,70.660004,71.330002,1566700,66.803298
145,2012-10-01,72.110001,72.300003,70.279999,70.629997,2031700,66.147717
146,2012-10-02,71.010002,71.199997,70.269997,70.620003,1301800,66.138357
147,2012-10-03,70.989998,71.330002,70.559998,70.690002,930600,66.203914
148,2012-10-04,69.809998,71.230003,69.529999,71.059998,2147200,66.550429
149,2012-10-05,71.860001,72.18,71.379997,71.779999,1367900,67.224738
150,2012-10-08,71.75,72.050003,71.300003,71.629997,922200,67.084256
151,2012-10-09,70.959999,71.07,69.790001,69.879997,1322100,65.445313
152,2012-10-10,68.989998,69.209999,68.669998,69.050003,2344500,64.667992
153,2012-10-11,69.959999,70.199997,68.980003,69.43,1099900,65.023874
154,2012-10-12,70.550003,71.059998,70.019997,70.540001,1877100,66.063432
155,2012-10-15,71.199997,71.489998,70.709999,71.470001,990100,66.934413
156,2012-10-16,72.510002,72.629997,72.059998,72.410004,1010000,67.814762
157,2012-10-17,71.82,71.980003,71.410004,71.510002,1669600,66.971876
158,2012-10-18,71.25,71.760002,70.540001,70.949997,2072700,66.447409
159,2012-10-19,71.459999,71.489998,70.18,70.209999,2023300,65.754373
160,2012-10-22,70.510002,70.599998,69.239998,69.660004,1956900,65.239281
161,2012-10-23,68.669998,69.970001,68.25,69.690002,2008400,65.267376
162,2012-10-24,72.07,72.470001,70.730003,71.209999,3315700,66.690911
163,2012-10-25,71.550003,71.959999,70.75,70.940002,1377500,66.438049
164,2012-10-26,71.730003,71.949997,70.949997,71.589996,1899100,67.046793
165,2012-10-31,73.260002,73.349998,72.610001,72.900002,992600,68.273664
166,2012-11-01,73.580002,73.93,73.07,73.879997,1095000,69.191468
167,2012-11-02,73.639999,73.639999,72.839996,72.870003,776000,68.245569
168,2012-11-05,72.699997,73.080002,72.330002,72.949997,647800,68.320486
169,2012-11-06,73.339996,73.910004,73.260002,73.760002,607200,69.079087
170,2012-11-07,72.040001,72.370003,71.599998,72.160004,1076900,67.580627
171,2012-11-08,71.599998,71.830002,71.169998,71.209999,703800,66.690911
172,2012-11-09,70.589996,71.209999,70.489998,70.93,1221900,66.428682
173,2012-11-12,70.940002,71.389999,70.57,71.150002,915700,66.634721
174,2012-11-13,71.199997,72.089996,71.040001,71.580002,969000,67.037433
175,2012-11-14,72.07,72.139999,70.919998,71.209999,1228100,66.690911
176,2012-11-15,70.870003,71.160004,70.580002,71.040001,713400,66.531701
177,2012-11-16,71.18,71.440002,70.529999,71.220001,822800,66.700279
178,2012-11-19,72.349998,73.589996,72.309998,73.470001,1049500,68.80749
179,2012-11-20,73.599998,74.379997,73.32,74.360001,1784900,69.641009
180,2012-11-21,74.980003,75.43,74.760002,75.230003,772800,70.4558
181,2012-11-23,76.830002,77.379997,76.790001,77.209999,702800,72.310143
182,2012-11-26,77.370003,77.849998,76.959999,77.830002,770000,72.890799
183,2012-11-27,77.019997,77.279999,76.699997,76.980003,848700,72.094743
184,2012-11-28,76.580002,77.550003,76.43,77.550003,550700,72.62857
185,2012-11-29,78.190002,78.580002,77.730003,78.43,893300,73.452721
186,2012-11-30,78.32,78.660004,77.75,77.989998,1602400,73.040642
187,2012-12-03,79.5,79.709999,79.129997,79.529999,1302600,74.482912
188,2012-12-04,80.080002,80.410004,79.669998,80.129997,1331100,75.044834
189,2012-12-05,79.089996,79.610001,78.720001,78.910004,1956900,73.902263
190,2012-12-06,79.040001,79.480003,78.690002,78.919998,876300,73.911623
191,2012-12-07,79.139999,79.279999,78.559998,78.919998,885100,73.911623
192,2012-12-10,79.120003,79.440002,78.980003,79.43,705300,74.389259
193,2012-12-11,79.730003,80.019997,79.599998,79.82,718500,74.754509
194,2012-12-12,79.919998,80.110001,79.620003,79.75,1212900,74.688952
195,2012-12-13,79.559998,79.790001,78.739998,78.910004,537200,73.902263
196,2012-12-14,79.389999,80.459999,79.300003,80.389999,853600,75.288336
197,2012-12-17,80.129997,80.690002,80.129997,80.639999,726000,75.52247
198,2012-12-18,79.959999,81.209999,79.940002,81.209999,2134400,76.056297
199,2012-12-19,81.209999,81.559998,80.360001,80.489998,1870700,75.381988
200,2012-12-20,80.900002,81.150002,80.540001,81.089996,782200,75.94391
201,2012-12-21,79.739998,80.07,79.330002,79.610001,1144700,74.557837
202,2012-12-24,79.93,80.150002,79.489998,80.099998,325700,75.016739
203,2012-12-26,79.959999,80.669998,79.650002,80.029999,419300,74.951181
204,2012-12-27,80.800003,80.93,79.779999,80.599998,900900,75.485008
205,2012-12-28,79.870003,80.139999,79.360001,79.389999,524700,74.351797
206,2012-12-31,79.620003,80.760002,79.400002,80.379997,1022900,75.278968
207,2013-01-02,82.050003,82.400002,81.489998,82.400002,686500,77.17078
208,2013-01-03,81.300003,81.489998,80.32,80.449997,990000,75.344526
209,2013-01-04,79.980003,80.650002,79.889999,80.419998,1485400,75.316431
210,2013-01-07,79.610001,79.940002,79.470001,79.790001,1193300,74.726414
211,2013-01-08,79.959999,80.099998,78.889999,79.889999,1359800,74.820066
212,2013-01-09,79.510002,80.150002,79.470001,80.050003,1320300,74.969916
213,2013-01-10,80.709999,82.900002,80.010002,82.400002,3014100,77.17078
214,2013-01-11,81.790001,82.190002,81.5,81.779999,2475200,76.590124
215,2013-01-14,81.919998,82,81.43,81.879997,1082100,76.683776
216,2013-01-15,77.720001,78.550003,77.150002,77.550003,4501900,72.62857
217,2013-01-16,77.809998,78.760002,77.769997,78.129997,1411400,73.171756
218,2013-01-17,78.209999,78.339996,77.400002,77.669998,1558300,72.74095
219,2013-01-18,77.610001,77.779999,77,77.379997,1310400,72.469353
220,2013-01-22,77.059998,77.599998,76.739998,77.519997,1442700,72.600467
221,2013-01-23,77.779999,79,77.660004,78.620003,1709300,73.630666
222,2013-01-24,78.57,79,78.330002,78.5,814000,73.518278
223,2013-01-25,80.540001,81.239998,80.389999,80.989998,1365100,75.850257
224,2013-01-28,80.93,80.93,80.290001,80.360001,719000,75.260241
225,2013-01-29,80.43,81.389999,80.360001,81.220001,1460500,76.065664
226,2013-01-30,81.410004,81.870003,81.260002,81.550003,1180000,76.374724
227,2013-01-31,81.830002,82.339996,81.739998,82.019997,967300,76.814891
228,2013-02-01,83.309998,83.639999,83.010002,83.57,1577400,78.266529
229,2013-02-04,82.190002,82.610001,81.110001,81.440002,1029200,76.271704
230,2013-02-05,81.43,81.889999,81.330002,81.879997,938800,76.683776
231,2013-02-06,80.129997,80.650002,79.599998,80.160004,1261500,75.072936
232,2013-02-07,79.93,80.040001,78.919998,79.739998,1309800,74.679584
233,2013-02-08,79.510002,80.050003,79.43,79.919998,1373100,74.848161
234,2013-02-11,79.209999,79.360001,78.57,79.239998,1645100,74.211315
235,2013-02-12,79.620003,80.93,79.5,80.93,939200,75.794067
236,2013-02-13,80.760002,81.040001,80.379997,80.669998,723200,75.550565
237,2013-02-14,79.449997,80.07,79.32,80.07,816200,74.988644
238,2013-02-15,80.230003,80.489998,79.75,80.040001,894800,74.960549
239,2013-02-19,79.940002,80.540001,79.82,80.540001,705700,75.428818
240,2013-02-20,80.650002,80.879997,79.669998,79.699997,1038200,74.642122
241,2013-02-21,78.18,78.550003,77.959999,78.050003,1088900,73.096839
242,2013-02-22,78.209999,78.940002,77.760002,78.910004,654300,73.902263
243,2013-02-25,80.900002,81.169998,78.239998,78.260002,1629100,73.293511
244,2013-02-26,77.690002,78.199997,77,77.860001,1436600,72.918894
245,2013-02-27,77.440002,78.699997,77.370003,78.599998,1593400,73.611931
246,2013-02-28,78.550003,78.940002,78.160004,78.199997,798000,73.237314
247,2013-03-01,78.25,78.940002,77.720001,78.68,780000,73.686856
248,2013-03-04,79.209999,80.050003,79.029999,79.919998,611200,74.848161
249,2013-03-05,80.900002,82.25,80.879997,81.870003,1375500,76.674416
250,2013-03-06,82.93,83.199997,82.089996,82.690002,1442600,77.442377
251,2013-03-07,83.669998,84.029999,83.25,83.440002,1248100,78.144781
252,2013-03-08,82.910004,83.360001,82.540001,83.209999,867700,77.929374
253,2013-03-11,82.93,83.480003,82.790001,83.25,650000,77.966837
254,2013-03-12,83.839996,83.849998,82.699997,82.889999,503400,77.629682
255,2013-03-13,82.830002,83.019997,82.449997,82.620003,440800,77.37682
256,2013-03-14,83.650002,84.660004,83.43,84.57,925100,79.203067
257,2013-03-15,84.540001,84.639999,83.93,84.580002,943300,79.212435
258,2013-03-18,82.720001,83.68,82.610001,82.980003,838500,77.713974
259,2013-03-19,83.290001,83.580002,81.870003,82.599998,851300,77.358085
260,2013-03-20,83.459999,83.580002,82.849998,83.190002,541200,77.910647
261,2013-03-21,81.080002,81.489998,80.660004,80.720001,2148400,75.597395
262,2013-03-22,81.089996,81.580002,80.610001,81.040001,1625400,75.897087
263,2013-03-25,81.580002,81.830002,79.629997,79.860001,1198600,74.791971
264,2013-03-26,79.720001,80.269997,79.290001,80.269997,1016600,75.175948
265,2013-03-27,78.699997,79.32,78.330002,79.18,1656000,74.155125
266,2013-03-28,79.510002,80.68,79.379997,80.540001,1877500,75.428818
267,2013-04-01,80.629997,80.68,79.839996,80.110001,732100,75.026106
268,2013-04-02,80.459999,81.220001,80.459999,80.790001,1425000,75.662952
269,2013-04-03,81.139999,81.269997,79.989998,80.239998,989700,75.147853
270,2013-04-04,79.790001,80.339996,78.75,79.610001,1198500,74.557837
271,2013-04-05,78.25,78.43,77.440002,77.739998,2002000,72.806507
272,2013-04-08,78.309998,78.599998,77.769997,77.940002,1261300,72.993819
273,2013-04-09,77.629997,78.32,77.010002,77.879997,1687900,72.937622
274,2013-04-10,77.150002,78.25,77.129997,78.059998,1273100,73.106199
275,2013-04-11,77.449997,79.019997,77.349998,78.910004,2358100,73.902263
276,2013-04-12,77.489998,78.190002,77.410004,78.010002,2163900,73.059376
277,2013-04-15,77.260002,77.489998,76.449997,76.449997,1765100,71.598371
278,2013-04-16,78.75,78.959999,77.940002,78.870003,1176700,73.8648
279,2013-04-17,77.839996,77.839996,76.480003,76.879997,1867100,72.001083
280,2013-04-18,77.809998,78.639999,76.940002,78.209999,2347800,73.246681
281,2013-04-19,75.970001,76.650002,74.760002,75.110001,4379000,70.343413
282,2013-04-22,75.129997,75.169998,74.120003,74.690002,2026600,69.950069
283,2013-04-23,74.959999,75.800003,74.93,75.440002,1676300,70.652473
284,2013-04-24,76.699997,77.919998,76.510002,77.529999,1467300,72.609835
285,2013-04-25,78.209999,78.970001,78.18,78.620003,1046300,73.630666
286,2013-04-26,77.639999,78.209999,77.5,77.980003,807600,73.031281
287,2013-04-29,78.199997,79,78.099998,78.790001,1004400,73.789875
288,2013-04-30,78.900002,79.849998,78.760002,79.849998,889500,74.782604
289,2013-05-01,79.82,80.209999,78.730003,78.870003,721400,73.8648
290,2013-05-02,78.510002,78.919998,78.389999,78.690002,1300500,73.696223
291,2013-05-03,80.110001,81.699997,80.050003,81.440002,1347100,76.271704
292,2013-05-06,81.32,81.730003,80.959999,81.139999,531800,75.99074
293,2013-05-07,82.260002,82.32,81.559998,81.889999,654800,76.693144
294,2013-05-08,82.699997,83.129997,82.279999,82.75,1245400,77.498567
295,2013-05-09,82.209999,82.410004,81.589996,81.879997,719900,76.683776
296,2013-05-10,82.220001,82.629997,81.800003,82.379997,1147800,77.152045
297,2013-05-13,82.529999,82.629997,81.989998,82.07,563800,76.861721
298,2013-05-14,82.629997,83.349998,82.599998,83.110001,831000,77.835722
299,2013-05-15,81.940002,82.470001,81.870003,82.18,866400,76.964741
300,2013-05-16,81.459999,82.07,80.709999,80.75,1243600,75.62549
301,2013-05-17,80.190002,81.07,80.080002,80.889999,1876300,75.756605
302,2013-05-20,80.029999,80.769997,79.650002,80.410004,1712200,75.30707
303,2013-05-21,79.480003,80.120003,79.199997,79.57,1058900,74.520374
304,2013-05-22,79.830002,80.709999,78.470001,78.709999,813600,73.714951
305,2013-05-23,78.050003,78.610001,77.839996,78.199997,669500,73.237314
306,2013-05-24,77.099998,77.199997,75.629997,75.870003,2917300,71.055184
307,2013-05-28,77.919998,78.080002,76.57,77.010002,1251400,72.122838
308,2013-05-29,76.199997,76.459999,75.709999,75.989998,922800,71.167564
309,2013-05-30,76.139999,76.790001,76.120003,76.279999,1664400,71.439162
310,2013-05-31,74.440002,74.940002,73.440002,73.440002,1311900,69.798744
311,2013-06-03,75.010002,75.010002,74.230003,74.860001,1868900,71.148336
312,2013-06-04,75.309998,75.5,74.510002,74.82,1743500,71.110319
313,2013-06-05,74.599998,75.290001,74.459999,74.669998,2860000,70.967754
314,2013-06-06,75.839996,76.080002,74.959999,75.739998,1526700,71.984702
315,2013-06-07,75.809998,76.760002,75.550003,76.339996,1511600,72.554952
316,2013-06-10,77.260002,77.68,76.699997,77.550003,823200,73.704965
317,2013-06-11,76.32,76.730003,75.93,76.019997,662200,72.250818
318,2013-06-12,77.040001,77.059998,75.989998,76.099998,916000,72.326853
319,2013-06-13,75.809998,76.860001,75.75,76.760002,1178700,72.954133
320,2013-06-14,76.349998,76.75,75.82,75.889999,750100,72.127266
321,2013-06-17,77.519997,77.769997,76.860001,77.300003,973600,73.46736
322,2013-06-18,77.040001,77.449997,76.839996,77.18,1046400,73.353307
323,2013-06-19,77.089996,77.589996,76.190002,76.360001,1372200,72.573964
324,2013-06-20,75.339996,75.43,74.080002,74.559998,1629200,70.863208
325,2013-06-21,72.989998,73.099998,71.910004,72.75,3075500,69.142953
326,2013-06-24,71.190002,71.949997,71.07,71.449997,2542400,67.907405
327,2013-06-25,72.239998,72.75,71.209999,72.730003,2210700,69.123947
328,2013-06-26,74.43,75.110001,74.379997,74.68,1591400,70.977261
329,2013-06-27,75.550003,75.769997,75.089996,75.599998,1598500,71.851644
330,2013-06-28,73.360001,73.400002,72.419998,72.830002,2327100,69.218988
331,2013-07-01,72.709999,72.849998,71.050003,71.120003,2797800,67.593773
332,2013-07-02,71.919998,72.620003,71.629997,71.959999,3348000,68.392121
333,2013-07-03,71.059998,71.230003,70.68,70.82,1206100,67.308644
334,2013-07-05,70.419998,70.769997,69.959999,70.769997,1513800,67.261121
335,2013-07-08,71.559998,71.889999,71.410004,71.690002,1450200,68.135511
336,2013-07-09,72.220001,72.269997,71.760002,71.870003,1066600,68.306587
337,2013-07-10,71.849998,72.110001,71.550003,71.769997,1711000,68.211539
338,2013-07-11,73.730003,74.669998,73.360001,74.559998,1166200,70.863208
339,2013-07-12,74.870003,75.220001,74.300003,75.160004,1099000,71.433465
340,2013-07-15,75.580002,75.639999,74.809998,75.07,1364600,71.347923
341,2013-07-16,75.510002,75.699997,75.169998,75.699997,1167600,71.946684
342,2013-07-17,76.099998,76.400002,75.5,76,1564900,72.231813
343,2013-07-18,75.480003,75.529999,73.169998,73.900002,5043500,70.235935
344,2013-07-19,72.870003,73.470001,72.709999,72.809998,3308100,69.199975
345,2013-07-22,72.529999,72.839996,72.169998,72.389999,3226400,68.800801
346,2013-07-23,72.889999,72.919998,72.410004,72.529999,1538100,68.933859
347,2013-07-24,73.68,73.68,73.089996,73.160004,1942500,69.532628
348,2013-07-25,73.279999,74.029999,73.110001,73.959999,2212700,70.292958
349,2013-07-26,73.260002,73.730003,72.870003,73.690002,929300,70.036348
350,2013-07-29,73.07,73.230003,72.830002,73.019997,629700,69.399562
351,2013-07-30,74.110001,74.110001,73.080002,73.25,813600,69.618162
352,2013-07-31,73.5,73.580002,72.769997,72.889999,1347400,69.276011
353,2013-08-01,73.93,74.18,73.510002,74.080002,918500,70.407011
354,2013-08-02,74.360001,75.129997,74.220001,74.82,821000,71.110319
355,2013-08-05,74.870003,75.169998,74.769997,75.089996,754300,71.366929
356,2013-08-06,76.529999,76.559998,75.629997,75.839996,1242700,72.079742
357,2013-08-07,75.089996,75.589996,75.040001,75.5,1168500,71.756604
358,2013-08-08,75.129997,75.339996,74.839996,75.230003,876000,71.499994
359,2013-08-09,74.949997,75.25,74.610001,74.769997,668200,71.062795
360,2013-08-12,73.989998,74.379997,73.989998,74.330002,748400,70.644616
361,2013-08-13,74.529999,75.129997,74.25,75,415700,71.281394
362,2013-08-14,76.010002,76.580002,75.790001,76.220001,903600,72.440906
363,2013-08-15,75.550003,75.919998,74.949997,75.790001,1504900,72.032226
364,2013-08-16,75.830002,76.080002,75.410004,75.68,1319100,71.927679
365,2013-08-19,76.150002,76.199997,75.449997,75.529999,1239600,71.785115
366,2013-08-20,75.769997,76.029999,75.290001,75.650002,1172300,71.899168
367,2013-08-21,75.57,75.779999,74.830002,75,1009700,71.281394
368,2013-08-22,75.669998,76.040001,75.620003,75.830002,498600,72.070244
369,2013-08-23,76.599998,76.970001,76.389999,76.940002,703400,73.125209
370,2013-08-26,77.239998,77.459999,76.900002,76.900002,419500,73.087191
371,2013-08-27,76.410004,76.610001,75.370003,75.510002,815200,71.76611
372,2013-08-28,74.620003,75.190002,74.610001,74.839996,828900,71.129324
373,2013-08-29,74.410004,74.730003,74.25,74.32,628600,70.635109
374,2013-08-30,74.239998,74.309998,73.68,73.82,467000,70.1599
375,2013-09-03,73,73.209999,72.059998,72.449997,1352600,68.857824
376,2013-09-04,71.129997,72.089996,70.980003,71.699997,1682500,68.14501
377,2013-09-05,70.18,70.959999,69.709999,70.269997,3386600,66.785911
378,2013-09-06,70.540001,70.889999,70.150002,70.5,1491700,67.004511
379,2013-09-09,70.879997,71.980003,70.849998,71.959999,1033800,68.392121
380,2013-09-10,72.480003,72.68,72.160004,72.459999,776300,68.86733
381,2013-09-11,71.989998,72.599998,71.870003,72.599998,873500,69.000388
382,2013-09-12,73.260002,73.650002,73.080002,73.5,1217300,69.855766
383,2013-09-13,73.010002,73.019997,72.43,72.639999,713500,69.038406
384,2013-09-16,73.639999,73.639999,72.68,72.910004,817700,69.295023
385,2013-09-17,73.099998,73.529999,72.82,73.529999,566200,69.884278
386,2013-09-18,73.529999,75.470001,73.379997,75.290001,1199200,71.557017
387,2013-09-19,75.720001,75.720001,74.75,74.940002,1145600,71.224372
388,2013-09-20,75.209999,75.410004,73.940002,74.010002,1585800,70.340482
389,2013-09-23,74.089996,74.290001,73.599998,73.93,1425100,70.264447
390,2013-09-24,74.580002,74.849998,74.269997,74.379997,914400,70.692132
391,2013-09-25,75.440002,75.870003,75.160004,75.269997,1266100,71.538004
392,2013-09-26,74.75,74.949997,74.32,74.599998,1039000,70.901225
393,2013-09-27,74.559998,74.860001,74.260002,74.360001,1604700,70.673127
394,2013-09-30,73.910004,74.120003,73.660004,73.919998,1033900,70.254941
395,2013-10-01,73.849998,74.410004,73.610001,73.870003,1148000,70.207424
396,2013-10-02,74.379997,74.779999,73.699997,74.779999,894300,71.072301
397,2013-10-03,74.599998,74.610001,73.720001,74.120003,544900,70.445029
398,2013-10-04,73.489998,73.660004,73.290001,73.440002,622700,69.798744
399,2013-10-07,71.900002,72.029999,71.389999,71.470001,1460000,67.926418
400,2013-10-08,71.519997,71.580002,70.910004,70.940002,933600,67.422697
401,2013-10-09,71.07,71.410004,70.199997,71.360001,1342200,67.821871
402,2013-10-10,72.510002,72.639999,71.900002,72.220001,1252900,68.639232
403,2013-10-11,73.360001,73.760002,72.849998,73.75,1460400,70.093371
404,2013-10-14,73.080002,73.519997,72.93,73.400002,626200,69.760726
405,2013-10-15,72.489998,72.860001,72.32,72.330002,1155200,68.743778
406,2013-10-16,72.5,73.110001,72.419998,73.080002,1077300,69.456592
407,2013-10-17,72.82,72.889999,72.379997,72.889999,1419100,69.276011
408,2013-10-18,72.120003,74.540001,72.059998,73.75,2655300,70.093371
409,2013-10-21,77.349998,77.589996,76.139999,76.410004,3373300,72.621488
410,2013-10-22,78.169998,79.360001,78.040001,78.970001,3308100,75.054557
411,2013-10-23,78.349998,78.779999,78.029999,78.550003,1557400,74.655383
412,2013-10-24,78.800003,78.830002,78.290001,78.459999,708700,74.569842
413,2013-10-25,79.809998,79.889999,79.029999,79.449997,1996600,75.510754
414,2013-10-28,80.019997,80.019997,79.440002,79.790001,836400,75.8339
415,2013-10-29,79.760002,79.900002,79.089996,79.089996,772300,75.168603
416,2013-10-30,79.389999,79.639999,78.480003,78.800003,758000,74.892988
417,2013-10-31,78.809998,78.889999,78.309998,78.349998,697200,74.465295
418,2013-11-01,78.139999,78.400002,77.620003,77.800003,813700,73.942569
419,2013-11-04,78.120003,78.57,78,78.529999,359600,74.636371
420,2013-11-05,77.480003,78.110001,77.089996,77.779999,798300,73.923557
421,2013-11-06,79.209999,79.660004,78.809998,79.260002,1138900,75.33018
422,2013-11-07,78.849998,79.389999,78.400002,78.709999,1288200,74.807446
423,2013-11-08,78.339996,79.239998,78.019997,79.220001,1121800,75.292162
424,2013-11-11,79.779999,81.510002,79.629997,81.190002,1683100,77.164488
425,2013-11-12,80.370003,80.5,79.400002,79.82,1071200,75.862412
426,2013-11-13,79.330002,80.629997,79.110001,80.599998,614600,76.603737
427,2013-11-14,80.489998,80.980003,80.110001,80.739998,827700,76.736795
428,2013-11-15,81.589996,82.660004,81.489998,82.550003,1589400,78.457058
429,2013-11-18,82.589996,82.589996,81.93,81.949997,1273400,77.886801
430,2013-11-19,82.290001,82.519997,81.809998,82.019997,1000700,77.95333
431,2013-11-20,82.209999,82.389999,81.160004,81.230003,629000,77.202505
432,2013-11-21,81.339996,81.68,81.040001,81.639999,668200,77.592173
433,2013-11-22,81.550003,82.220001,81.370003,82.220001,1462100,78.143418
434,2013-11-25,82.440002,82.720001,82.220001,82.300003,1175200,78.219453
435,2013-11-26,82.120003,82.830002,82.050003,82.529999,570300,78.438045
436,2013-11-27,83.139999,83.550003,83.040001,83.379997,666700,79.2459
437,2013-11-29,82.830002,83.169998,82.339996,82.720001,573500,78.618627
438,2013-12-02,82.139999,82.160004,81.610001,81.699997,381200,77.649196
439,2013-12-03,81.449997,81.860001,81.139999,81.629997,625400,77.582667
440,2013-12-04,80.349998,81.349998,80.199997,81.269997,775800,77.240516
441,2013-12-05,81.07,81.610001,81.019997,81.400002,647700,77.364075
442,2013-12-06,81.82,82.559998,81.769997,82.220001,2208200,78.143418
443,2013-12-09,82.199997,82.459999,81.970001,82.400002,903500,78.314493
444,2013-12-10,81.779999,82.150002,81.300003,81.410004,1018900,77.373581
445,2013-12-11,82.059998,82.059998,81.230003,81.400002,537000,77.364075
446,2013-12-12,80.650002,81.010002,80.389999,80.910004,888100,76.898372
447,2013-12-13,81.059998,81.150002,80.580002,81.110001,461800,77.088453
448,2013-12-16,82,82.389999,81.779999,82.349998,659000,78.26697
449,2013-12-17,81.309998,81.639999,80.919998,81.599998,662400,77.554156
450,2013-12-18,81.779999,82.760002,81.209999,82.300003,703500,78.219453
451,2013-12-19,82.660004,83.68,82.599998,83.57,1538900,79.426481
452,2013-12-20,83.730003,84.410004,83.720001,84.199997,778600,80.025243
453,2013-12-23,84.43,84.870003,84.339996,84.839996,315200,80.63351
454,2013-12-24,84.860001,85.330002,84.669998,85.150002,147900,80.928145
455,2013-12-26,85.239998,85.860001,85.239998,85.709999,228800,81.460377
456,2013-12-27,85.580002,86.040001,85.260002,85.800003,865300,81.545918
457,2013-12-30,85.989998,86.739998,85.809998,86.629997,256100,82.33476
458,2013-12-31,86.779999,87.419998,86.650002,87.139999,621500,82.819475
459,2014-01-02,84.970001,85.089996,84.199997,84.910004,1541300,80.700046
460,2014-01-03,84.040001,84.5,83.940002,84.330002,1265600,80.148802
461,2014-01-06,84.879997,85.040001,84.379997,84.419998,517500,80.234336
462,2014-01-07,84.209999,84.239998,83.620003,84.18,710500,80.006237
463,2014-01-08,85.099998,85.620003,84.860001,85.449997,1124500,81.213266
464,2014-01-09,84.699997,84.75,83.599998,84.620003,1434200,80.424424
465,2014-01-10,82.910004,83.849998,82.559998,83.540001,1844600,79.39797
466,2014-01-13,83.040001,83.790001,83,83.019997,1510100,78.903748
467,2014-01-14,82.589996,82.779999,82.18,82.779999,1056100,78.67565
468,2014-01-15,82.300003,83.389999,82.269997,83.010002,1248600,78.894249
469,2014-01-16,83.080002,83.169998,82.199997,82.809998,924900,78.704161
470,2014-01-17,82.190002,82.75,81.980003,82.32,1204900,78.238458
471,2014-01-21,81.620003,81.760002,80.139999,81.410004,1365300,77.373581
472,2014-01-22,80.349998,80.580002,79.75,80.059998,4826800,76.09051
473,2014-01-23,79.309998,79.720001,78.980003,79.650002,2711800,75.700842
474,2014-01-24,78.580002,78.699997,77.25,77.470001,2319700,73.628929
475,2014-01-27,78.540001,78.580002,77.559998,77.760002,847000,73.904552
476,2014-01-28,77.040001,77.75,76.959999,77.559998,1482000,73.714464
477,2014-01-29,76.93,77.75,76.68,76.919998,717700,73.106196
478,2014-01-30,77.660004,77.889999,77.040001,77.620003,945600,73.771494
479,2014-01-31,75.93,76.839996,75.639999,76.419998,1320700,72.630987
480,2014-02-03,76.199997,76.400002,75,75.089996,1182200,71.366929
481,2014-02-04,75.57,75.629997,75.120003,75.32,712300,71.585528
482,2014-02-05,74.690002,75.279999,74.599998,75.029999,1132100,71.309906
483,2014-02-06,75.449997,76.699997,75.379997,76.279999,734500,72.497929
484,2014-02-07,76.389999,76.699997,75.910004,76.690002,475800,72.887604
485,2014-02-10,76.419998,76.5,76.190002,76.309998,423400,72.52644
486,2014-02-11,77.019997,78.230003,77,78.080002,834300,74.208685
487,2014-02-12,77.510002,78.309998,77.510002,78.010002,1343100,74.142156
488,2014-02-13,77.970001,79.25,77.970001,79.169998,657700,75.244638
489,2014-02-14,79.68,80.260002,79.510002,80.150002,852800,76.176052
490,2014-02-18,80.650002,80.650002,80.120003,80.25,1120200,76.271092
491,2014-02-19,80.040001,80.480003,79.489998,79.529999,1621700,75.586789
492,2014-02-20,79.25,79.540001,78.879997,79.440002,808600,75.501255
493,2014-02-21,79.550003,79.919998,79.169998,79.18,723400,75.254144
494,2014-02-24,79.540001,80.029999,79.440002,79.5,475800,75.558278
495,2014-02-25,80.07,80.309998,79.5,79.809998,1073400,75.852905
496,2014-02-26,79.849998,80.190002,79.279999,79.529999,714400,75.586789
497,2014-02-27,79.139999,79.849998,79.059998,79.739998,609000,75.786376
498,2014-02-28,80.370003,80.989998,79.849998,80.290001,1175300,76.30911
499,2014-03-03,78.790001,78.980003,77.529999,77.739998,1115600,73.885539
500,2014-03-04,79.110001,79.239998,78.739998,78.959999,686200,75.045051
501,2014-03-05,78.5,78.769997,78.169998,78.290001,1008700,74.408272
502,2014-03-06,79.279999,79.5,79.019997,79.269997,705500,75.339679
503,2014-03-07,78.870003,78.93,77.830002,78.190002,733500,74.313232
504,2014-03-10,77.559998,77.82,76.870003,77.360001,382100,73.524383
505,2014-03-11,77.709999,78.190002,77.349998,77.5,914700,73.657441
506,2014-03-12,76.870003,77.07,76.529999,76.800003,981900,72.992151
507,2014-03-13,77.07,77.18,74.589996,74.870003,1502700,71.157843
508,2014-03-14,75.089996,75.949997,75.080002,75.330002,1764900,71.595034
509,2014-03-17,77.059998,77.599998,76.93,77.190002,1281300,73.362813
510,2014-03-18,77.260002,78.129997,77.199997,78.029999,681900,74.161162
511,2014-03-19,77.790001,78.089996,76.610001,77.32,1578700,73.486365
512,2014-03-20,76.220001,77.07,76.169998,76.970001,607600,73.15372
513,2014-03-21,77.309998,78.309998,77.260002,77.379997,984500,73.543388
514,2014-03-24,77.870003,78.080002,77.220001,77.910004,783900,74.047116
515,2014-03-25,78.18,78.849998,77.910004,78.699997,709700,74.79794
516,2014-03-26,79.330002,79.400002,78.68,79.330002,1415000,75.396709
517,2014-03-27,79.440002,80.169998,79.269997,79.510002,2055300,75.567784
518,2014-03-28,80.230003,80.75,80.07,80.449997,707900,76.461173
519,2014-03-31,81.190002,81.849998,80.889999,81.309998,675200,77.278533
520,2014-04-01,81.459999,81.830002,81.269997,81.769997,957700,77.715725
521,2014-04-02,81.339996,81.410004,80.400002,80.989998,1353300,76.9744
522,2014-04-03,81.110001,81.190002,80.629997,80.779999,540200,76.774813
523,2014-04-04,80.779999,81.349998,80.370003,80.580002,1200300,76.584732
524,2014-04-07,80.209999,80.360001,79.099998,79.470001,998100,75.529767
525,2014-04-08,79.82,80.730003,79.68,80.459999,760600,76.470679
526,2014-04-09,81,81.489998,80.379997,81.440002,1479500,77.402092
527,2014-04-10,81.43,81.470001,79.730003,80.139999,1044300,76.166545
528,2014-04-11,78.940002,79.400002,78.529999,78.589996,708000,74.693394
529,2014-04-14,79.080002,80.110001,78.800003,80.07,837400,76.100016
530,2014-04-15,79.870003,80.199997,78.769997,80,1196700,76.033487
531,2014-04-16,80.150002,81.690002,79.839996,81.620003,1072500,77.573168
532,2014-04-17,79.379997,80.220001,79,79.769997,1594100,75.814888
533,2014-04-21,79.830002,80.18,79.330002,80.07,557700,76.100016
534,2014-04-22,79.940002,80.209999,79.620003,79.720001,848000,75.767371
535,2014-04-23,79.660004,79.779999,79.239998,79.559998,533000,75.615301
536,2014-04-24,79.32,79.519997,78.599998,79.059998,1144800,75.140092
537,2014-04-25,78.790001,78.800003,77.75,77.879997,908400,74.018597
538,2014-04-28,78.379997,78.599998,77.809998,78.300003,1153400,74.417779
539,2014-04-29,79.260002,79.790001,79.040001,79.459999,761400,75.52026
540,2014-04-30,80.400002,81.029999,80.220001,80.989998,1104100,76.9744
541,2014-05-01,80.900002,81.160004,80.529999,80.629997,492700,76.632248
542,2014-05-02,79.379997,80.43,79.290001,80.010002,864100,76.042994
543,2014-05-05,78.099998,78.839996,77.870003,78.5,846500,74.607859
544,2014-05-06,78.919998,78.970001,77.940002,78,1215900,74.13265
545,2014-05-07,78.370003,78.690002,77.889999,78.260002,866000,74.379761
546,2014-05-08,77.110001,77.239998,76.160004,76.360001,1993500,72.573964
547,2014-05-09,75.480003,75.980003,75.139999,75.650002,1613600,71.899168
548,2014-05-12,76.690002,77.019997,76.57,76.790001,854900,72.982645
549,2014-05-13,77,77,76.339996,76.419998,783200,72.630987
550,2014-05-14,76.839996,77.330002,76.769997,76.769997,1099200,72.963632
551,2014-05-15,76.559998,76.589996,75.550003,75.779999,973500,72.02272
552,2014-05-16,75.690002,75.830002,75.230003,75.809998,631700,72.051231
553,2014-05-19,75.199997,75.470001,74.849998,75.419998,1658900,71.680568
554,2014-05-20,75.099998,75.43,74.43,74.809998,745700,71.100813
555,2014-05-21,75,75.550003,74.940002,75.529999,572000,71.785115
556,2014-05-22,74.370003,74.650002,74.199997,74.209999,829000,71.840295
557,2014-05-23,74.150002,74.650002,74.120003,74.57,648200,72.1888
558,2014-05-27,76.18,76.209999,75.620003,75.93,714200,73.505372
559,2014-05-28,76.5,76.529999,75.870003,76.290001,777900,73.853877
560,2014-05-29,76.269997,76.620003,76.190002,76.480003,783700,74.037812
561,2014-05-30,76.610001,76.709999,76.300003,76.5,383400,74.05717
562,2014-06-02,76.129997,76.18,75.639999,75.779999,537200,73.360161
563,2014-06-03,76.110001,76.470001,76,76.349998,430300,73.911959
564,2014-06-04,75.470001,75.739998,75.25,75.379997,1367500,72.972932
565,2014-06-05,75.209999,75.900002,74.970001,75.75,593700,73.33112
566,2014-06-06,75.470001,75.489998,74.970001,75.260002,1112400,72.856769
567,2014-06-09,74.769997,75.230003,74.709999,75.040001,544400,72.643793
568,2014-06-10,74.910004,75.199997,74.660004,75.029999,697100,72.63411
569,2014-06-11,74.940002,75.029999,74.739998,74.93,298900,72.537305
570,2014-06-12,75.190002,75.43,75.059998,75.349998,882600,72.943891
571,2014-06-13,75.980003,76.300003,75.709999,75.970001,388400,73.544096
572,2014-06-16,76.82,77.260002,76.669998,76.900002,676900,74.444399
573,2014-06-17,77.059998,77.339996,76.959999,77.160004,443900,74.696099
574,2014-06-18,77.870003,78.260002,77.57,78.199997,425900,75.702882
575,2014-06-19,78.690002,78.800003,78.190002,78.309998,702500,75.80937
576,2014-06-20,77.629997,77.910004,77.489998,77.720001,972000,75.238214
577,2014-06-23,77.910004,77.940002,77.32,77.669998,528500,75.189808
578,2014-06-24,77.559998,78.010002,77.419998,77.440002,319800,74.967156
579,2014-06-25,77.110001,77.620003,77.019997,77.150002,861100,74.686416
580,2014-06-26,76.940002,76.940002,76.120003,76.620003,792300,74.173341
581,2014-06-27,76.699997,76.940002,76.529999,76.910004,400200,74.454082
582,2014-06-30,77.440002,77.639999,76.93,77,1023900,74.541204
583,2014-07-01,76.849998,77.760002,76.760002,77.400002,865000,74.928433
584,2014-07-02,77.550003,77.709999,77.32,77.5,638500,75.025238
585,2014-07-03,77.75,78.349998,77.730003,78.25,361700,75.751289
586,2014-07-07,78.910004,79.089996,78.599998,78.970001,724600,76.448298
587,2014-07-08,78.150002,78.379997,77.779999,77.93,580100,75.441507
588,2014-07-09,78.449997,78.660004,78.190002,78.510002,676200,76.002988
589,2014-07-10,77.349998,77.980003,77.32,77.790001,512500,75.305978
590,2014-07-11,77.230003,77.949997,77.050003,77.790001,571000,75.305978
591,2014-07-14,79.239998,79.309998,78.830002,79.07,525700,76.545104
592,2014-07-15,78.220001,78.589996,77.879997,78.120003,679500,75.625443
593,2014-07-16,78.389999,79.809998,78.230003,79.639999,2512100,77.096902
594,2014-07-17,81.190002,81.470001,79.769997,80.68,3553000,78.103693
595,2014-07-18,80.650002,81.489998,80.449997,81.330002,1132200,78.732939
596,2014-07-21,81.019997,81.410004,80.830002,81.230003,878900,78.636133
597,2014-07-22,81.379997,82.010002,81.309998,81.739998,712200,79.129842
598,2014-07-23,82.669998,82.699997,82.279999,82.300003,658200,79.671965
599,2014-07-24,81.82,81.970001,81.370003,81.800003,786900,79.187932
600,2014-07-25,81.040001,81.199997,80.120003,80.68,919500,78.103693
601,2014-07-28,80.610001,80.690002,79.919998,80.480003,1233000,77.910083
602,2014-07-29,80.529999,80.839996,80.120003,80.309998,625200,77.745506
603,2014-07-30,80.419998,80.529999,79.800003,80.309998,594400,77.745506
604,2014-07-31,79.150002,79.400002,78.480003,78.489998,876900,75.983623
605,2014-08-01,77.550003,78.089996,77.269997,77.410004,1516500,74.938115
606,2014-08-04,76.82,77.269997,76.32,77.129997,1158800,74.66705
607,2014-08-05,77.849998,77.889999,77.139999,77.300003,605800,74.831627
608,2014-08-06,76.440002,77.419998,76.440002,77.050003,1013100,74.58961
609,2014-08-07,77.830002,77.940002,76.309998,76.580002,606200,74.134618
610,2014-08-08,76.360001,76.900002,76.150002,76.879997,652700,74.425033
611,2014-08-11,77.349998,77.940002,77.129997,77.639999,865600,75.160767
612,2014-08-12,77.279999,77.43,76.690002,77.089996,1043600,74.628327
613,2014-08-13,77.110001,77.150002,76.540001,77.059998,1035600,74.599286
614,2014-08-14,77.190002,77.360001,76.970001,77.080002,446700,74.618651
615,2014-08-15,77.580002,77.720001,75.629997,76.32,1224300,73.882918
616,2014-08-18,77.120003,77.410004,76.900002,77.279999,488700,74.812262
617,2014-08-19,77.870003,78.059998,77.709999,77.949997,459800,75.460865
618,2014-08-20,76.720001,77.589996,76.720001,77.400002,1038200,74.928433
619,2014-08-21,77.239998,78.059998,77.239998,77.959999,814100,75.470548
620,2014-08-22,77.550003,77.650002,77.010002,77.230003,655600,74.763863
621,2014-08-25,78.18,78.760002,78.010002,78.470001,908400,75.964265
622,2014-08-26,78.690002,79.089996,78.629997,78.809998,409500,76.293404
623,2014-08-27,79.209999,79.25,78.879997,79.190002,526300,76.661275
624,2014-08-28,77.879997,78.129997,77.580002,77.879997,729500,75.393101
625,2014-08-29,77.900002,78.199997,77.230003,77.93,654100,75.441507
626,2014-09-02,78.400002,78.650002,78.120003,78.540001,790800,76.032029
627,2014-09-03,77.699997,77.959999,77.550003,77.730003,899200,75.247897
628,2014-09-04,77.379997,77.970001,77.309998,77.400002,957400,74.928433
629,2014-09-05,77.580002,77.980003,77.110001,77.940002,696200,75.45119
630,2014-09-08,78.169998,78.629997,77.910004,78.25,686900,75.751289
631,2014-09-09,77.580002,77.970001,77.370003,77.610001,599600,75.131726
632,2014-09-10,77.470001,77.889999,77.269997,77.760002,931900,75.276938
633,2014-09-11,77.230003,77.830002,77.18,77.639999,752600,75.160767
634,2014-09-12,77.239998,77.580002,76.879997,77.43,567000,74.957474
635,2014-09-15,77.690002,77.860001,77.410004,77.629997,469000,75.151084
636,2014-09-16,76.709999,77.5,76.660004,77.349998,625900,74.880026
637,2014-09-17,77,77.150002,76.470001,76.519997,594700,74.076528
638,2014-09-18,76.830002,77.470001,76.830002,77.349998,315500,74.880026
639,2014-09-19,74.389999,74.459999,73.839996,73.970001,3268600,71.607961
640,2014-09-22,74.709999,74.720001,74.269997,74.510002,1178100,72.130718
641,2014-09-23,74.440002,74.739998,73.629997,73.660004,1005300,71.307862
642,2014-09-24,72.910004,73.970001,72.800003,73.889999,1091400,71.530513
643,2014-09-25,72.860001,73,72.089996,72.360001,1688500,70.049371
644,2014-09-26,73.010002,73.169998,72.57,73.150002,417800,70.814145
645,2014-09-29,72.059998,72.739998,71.980003,72.449997,930200,70.136494
646,2014-09-30,71.860001,72.300003,71.660004,72.160004,1381600,69.855761
647,2014-10-01,71.839996,71.849998,71.089996,71.260002,1207500,68.984498
648,2014-10-02,71.080002,71.540001,70.739998,71.410004,1209100,69.12971
649,2014-10-03,70.809998,71.349998,70.709999,71.080002,939600,68.810246
650,2014-10-06,70.989998,71.699997,70.949997,71.309998,1396700,69.032897
651,2014-10-07,71.050003,71.190002,70.389999,70.410004,1167600,68.161642
652,2014-10-08,68.18,69.379997,67.910004,69.209999,3017900,66.999957
653,2014-10-09,69.779999,70.050003,68.860001,68.919998,1308000,66.719216
654,2014-10-10,68.839996,69.650002,68.739998,68.779999,3258400,66.583687
655,2014-10-13,68.529999,69.199997,68.230003,68.25,1134000,66.070613
656,2014-10-14,68.639999,69.129997,68.370003,68.610001,2446200,66.419118
657,2014-10-15,67.910004,68.110001,66.5,68.040001,1623700,65.867319
658,2014-10-16,65.730003,66.870003,65.489998,66.449997,2951400,64.328088
659,2014-10-17,68.389999,69.209999,68.099998,68.989998,1245400,66.786981
660,2014-10-20,65.739998,65.779999,64.099998,65.68,2877100,63.582679
661,2014-10-21,65.239998,66.190002,65.230003,66.07,1497700,63.960225
662,2014-10-22,64.959999,65.230003,64.110001,64.139999,1733800,62.091854
663,2014-10-23,65.309998,66.440002,65.199997,66.160004,1403400,64.047355
664,2014-10-24,65.809998,65.949997,65.419998,65.68,681300,63.582679
665,2014-10-27,64.730003,65.709999,64.629997,65.410004,881100,63.321304
666,2014-10-28,66.580002,67.019997,66.419998,66.980003,1040800,64.84117
667,2014-10-29,66.68,66.919998,65.980003,66.169998,3066800,64.05703
668,2014-10-30,65.529999,66.669998,65.489998,66.32,2786800,64.202242
669,2014-10-31,67.239998,68.160004,66.989998,68.129997,1900600,65.954442
670,2014-11-03,67.220001,67.279999,66.839996,67.169998,1870600,65.025098
671,2014-11-04,66.800003,67.199997,66.540001,66.919998,1094400,64.783081
672,2014-11-05,67.220001,67.440002,66.839996,67.220001,748000,65.073504
673,2014-11-06,67.32,67.769997,67.080002,67.489998,675200,65.334879
674,2014-11-07,66.610001,66.959999,66.410004,66.849998,1429400,64.715317
675,2014-11-10,66.989998,67.400002,66.839996,67.279999,767500,65.131586
676,2014-11-11,67.129997,67.459999,66.900002,67.32,473900,65.17031
677,2014-11-12,66.360001,66.839996,66.25,66.449997,948700,64.328088
678,2014-11-13,66.18,66.970001,66.169998,66.629997,623300,64.502341
679,2014-11-14,66.220001,66.970001,66.199997,66.879997,393500,64.744358
680,2014-11-17,67.07,67.650002,66.970001,67.519997,1107800,65.36392
681,2014-11-18,68.129997,68.940002,67.989998,68.599998,1459600,66.409435
682,2014-11-19,69.150002,69.169998,68.449997,68.720001,857100,66.525606
683,2014-11-20,68.139999,68.790001,68.080002,68.620003,551200,66.4288
684,2014-11-21,69.709999,69.779999,69.25,69.360001,728900,67.145168
685,2014-11-24,70.470001,70.620003,70.07,70.360001,1035700,68.113236
686,2014-11-25,70.75,71.050003,70.730003,70.800003,900400,68.539188
687,2014-11-26,71.050003,71.290001,70.900002,71.120003,1054800,68.848969
688,2014-11-28,70.75,70.879997,70.190002,70.32,432700,68.074512
689,2014-12-01,71.080002,71.279999,70.809998,70.849998,805700,68.587587
690,2014-12-02,70.919998,71.029999,70.209999,70.349998,964300,68.103553
691,2014-12-03,69.75,69.989998,69.440002,69.699997,1081400,67.474308
692,2014-12-04,69.690002,69.790001,68.989998,69.169998,898600,66.961233
693,2014-12-05,69.440002,70.059998,69.25,69.75,877300,67.522714
694,2014-12-08,70.389999,70.580002,69.690002,69.800003,1155400,67.57112
695,2014-12-09,69.690002,70.25,69.419998,69.889999,990600,67.658243
696,2014-12-10,69.790001,69.82,68.68,68.739998,807700,66.544964
697,2014-12-11,69.849998,70.889999,69.779999,70.220001,1158400,67.977707
698,2014-12-12,70,70.220001,68.480003,68.5,1693000,66.31263
699,2014-12-15,69.040001,69.18,67.029999,67.199997,1234600,65.054139
700,2014-12-16,66.669998,68.5,66.580002,67.540001,856100,65.383286
701,2014-12-17,67.800003,68.970001,67.68,68.400002,862000,66.215824
702,2014-12-18,69.190002,70.419998,69.129997,70.400002,884500,68.15196
703,2014-12-19,70.010002,70.839996,69.839996,70.440002,3073000,68.190683
704,2014-12-22,70.870003,70.989998,70.610001,70.690002,1043500,68.4327
705,2014-12-23,70.68,71.050003,70.559998,70.900002,650400,68.635993
706,2014-12-24,71.110001,71.559998,70.940002,71.470001,304300,69.187792
707,2014-12-26,71.639999,71.889999,71.339996,71.699997,473000,69.410443
708,2014-12-29,71.199997,71.690002,71.110001,71.32,1002200,69.04258
709,2014-12-30,70.919998,71.129997,70.260002,70.400002,476800,68.15196
710,2014-12-31,70.400002,70.629997,69.580002,69.650002,487100,67.425909
711,2015-01-02,69.790001,70.360001,69.639999,70.040001,683600,67.803455
712,2015-01-05,68.300003,68.360001,67.059998,67.199997,1678800,65.054139
713,2015-01-06,65.93,66.459999,65.360001,65.68,1478900,63.582679
714,2015-01-07,64.980003,65.459999,64.599998,65.089996,1483100,63.011516
715,2015-01-08,64.510002,66.309998,64.5,66.129997,1184700,64.018307
716,2015-01-09,65.230003,65.269997,64.419998,65.029999,1142500,62.953434
717,2015-01-12,65.760002,68.099998,65.480003,67.699997,3279400,65.538173
718,2015-01-13,67.099998,67.800003,66.419998,66.889999,1707100,64.75404
719,2015-01-14,66.68,67.389999,66.309998,66.970001,841200,64.831487
720,2015-01-15,67.089996,67.480003,66.599998,66.879997,1060900,64.744358
721,2015-01-16,66.230003,67.239998,65.800003,67.110001,1143700,64.967016
722,2015-01-20,63.650002,63.759998,62.82,63.560001,2674100,61.530377
723,2015-01-21,63.610001,64.129997,63.400002,64.080002,2283800,62.033773
724,2015-01-22,63.900002,64.620003,63.650002,64.349998,1517800,62.295148
725,2015-01-23,64.279999,65.059998,64.199997,64.519997,1032700,62.459717
726,2015-01-26,65.410004,66.410004,65.150002,66.099998,1736100,63.989266
727,2015-01-27,65.620003,65.919998,65.220001,65.5,1302100,63.408427
728,2015-01-28,65.190002,65.330002,64.129997,64.190002,981200,62.140261
729,2015-01-29,65.010002,65.949997,64.900002,65.82,1354800,63.718208
730,2015-01-30,65.629997,66,65.199997,65.360001,967900,63.272898
731,2015-02-02,66.169998,67.019997,65.93,66.949997,1187300,64.812122
732,2015-02-03,67.739998,68.419998,67.459999,68.379997,1299500,66.196459
733,2015-02-04,68.199997,68.230003,67.309998,67.389999,1333800,65.238074
734,2015-02-05,68.050003,68.739998,67.779999,68.709999,1129300,66.515923
735,2015-02-06,67.169998,67.400002,66.489998,66.669998,2684000,64.541064
736,2015-02-09,66.300003,66.709999,66.169998,66.309998,1734800,64.192559
737,2015-02-10,67.230003,67.470001,66.470001,67.330002,1805900,65.179992
738,2015-02-11,66.529999,67.040001,66.489998,66.839996,874800,64.705634
739,2015-02-12,68.669998,69.129997,68.589996,69.089996,751700,66.883786
740,2015-02-13,69.32,69.589996,68.949997,69.089996,639600,66.883786
741,2015-02-17,69.059998,69.199997,68.540001,69.080002,476500,66.874111
742,2015-02-18,68.239998,69.150002,68.160004,68.959999,600900,66.75794
743,2015-02-19,68.510002,69.25,68.339996,68.879997,432600,66.680493
744,2015-02-20,68.480003,69.949997,68.309998,69.629997,813000,67.406543
745,2015-02-23,69.709999,70.010002,69.519997,69.68,563100,67.45495
746,2015-02-24,69.599998,70.160004,69.309998,69.870003,1113400,67.638885
747,2015-02-25,70.07,70.269997,69.870003,70.18,568800,67.938984
748,2015-02-26,69.82,70.300003,69.68,69.849998,646700,67.619519
749,2015-02-27,70.300003,70.5,70.019997,70.190002,527600,67.948666
750,2015-03-02,70.190002,71.139999,70.190002,71.110001,2479100,68.839287
751,2015-03-03,70.93,71,70.160004,70.410004,812300,68.161642
752,2015-03-04,69.660004,69.959999,69.190002,69.879997,1376500,67.64856
753,2015-03-05,70.18,70.260002,69.809998,69.980003,497500,67.745373
754,2015-03-06,69,69.309998,68.330002,68.480003,886800,66.293272
755,2015-03-09,68.360001,68.639999,68.099998,68.480003,506000,66.293272
756,2015-03-10,67.449997,67.760002,66.830002,66.910004,794000,64.773406
757,2015-03-11,67.220001,67.629997,66.860001,67.190002,679000,65.044463
758,2015-03-12,67.989998,68.199997,67.589996,68.089996,1227900,65.915718
759,2015-03-13,67.580002,68.309998,67.419998,68.080002,663700,65.906043
760,2015-03-16,69.050003,69.610001,68.870003,69.480003,777700,67.261339
761,2015-03-17,69.019997,69.230003,68.739998,69.010002,859100,66.806346
762,2015-03-18,69.589996,71.470001,69.550003,70.970001,2280200,68.703758
763,2015-03-19,70.220001,70.580002,70.050003,70.309998,1642200,68.06483
764,2015-03-20,72.550003,73.230003,72.099998,72.760002,2766100,70.4366
765,2015-03-23,72.889999,73.459999,72.510002,73.199997,1480500,70.862544
766,2015-03-24,73.879997,74.160004,73.470001,73.529999,1393000,71.182008
767,2015-03-25,73.330002,73.410004,72.040001,72.110001,1389000,69.807354
768,2015-03-26,71.550003,72.089996,70.949997,71.75,835500,69.458849
769,2015-03-27,72.07,72.669998,71.720001,72.540001,1221900,70.223624
770,2015-03-30,72.959999,73.150002,72.709999,72.720001,1017000,70.397876
771,2015-03-31,72.720001,72.900002,72.110001,72.169998,998100,69.865436
772,2015-04-01,73.040001,73.040001,72,72.410004,960100,70.097777
773,2015-04-02,73.139999,73.269997,72.540001,72.760002,808700,70.4366
774,2015-04-06,72.400002,73.730003,72.360001,73.330002,857000,70.988398
775,2015-04-07,73.470001,73.790001,72.900002,72.949997,686200,70.620527
776,2015-04-08,73.610001,73.669998,72.660004,72.93,876100,70.601169
777,2015-04-09,72.860001,73.089996,72.550003,72.980003,686800,70.649576
778,2015-04-10,73.220001,73.489998,72.940002,73.18,604600,70.843186
779,2015-04-13,73.199997,73.300003,72.559998,72.800003,682400,70.475323
780,2015-04-14,73.629997,73.690002,73.260002,73.360001,726100,71.017439
781,2015-04-15,73.550003,73.669998,72.699997,73.360001,574600,71.017439
782,2015-04-16,72.790001,73.099998,72.389999,72.900002,925500,70.572129
783,2015-04-17,72,72.190002,71.25,71.730003,924400,69.439491
784,2015-04-20,72.519997,72.779999,72.07,72.32,832100,70.010648
785,2015-04-21,74.160004,74.550003,73.809998,74.139999,1563100,71.77253
786,2015-04-22,73.980003,74.68,73.459999,74.43,1342100,72.053271
787,2015-04-23,73.989998,75.059998,73.849998,74.82,944100,72.430817
788,2015-04-24,74.889999,75.410004,74.309998,75.18,762500,72.779321
789,2015-04-27,76.620003,77.110001,76.330002,76.389999,1259200,73.950682
790,2015-04-28,76.830002,76.989998,76.199997,76.540001,1037700,74.095894
791,2015-04-29,76.870003,77.07,75.860001,76.220001,1304900,73.786113
792,2015-04-30,76.25,76.529999,75.470001,75.690002,1117800,73.273038
793,2015-05-01,75.900002,76.860001,75.889999,76.400002,768400,73.960365
794,2015-05-04,76.480003,76.650002,76.209999,76.209999,1439200,73.77643
795,2015-05-05,75.290001,75.339996,74.260002,74.470001,1375600,72.091994
796,2015-05-06,75.07,75.389999,74.449997,74.720001,1443600,72.334011
797,2015-05-07,75.080002,75.889999,74.970001,75.309998,1284700,72.905168
798,2015-05-08,75.690002,76.349998,75.650002,76.010002,521000,73.582819
799,2015-05-11,75.529999,75.870003,75.419998,75.489998,774200,73.07942
800,2015-05-12,75.220001,75.599998,74.910004,75.269997,1065000,72.866444
801,2015-05-13,76.209999,76.650002,75.610001,75.720001,794700,73.302079
802,2015-05-14,76.620003,77.360001,76.410004,77.269997,1309500,74.802579
803,2015-05-15,76.879997,77.080002,76.559998,76.830002,868100,74.376634
804,2015-05-18,75.739998,76.050003,75.43,75.629997,847700,74.364828
805,2015-05-19,75.400002,75.809998,75.279999,75.599998,556700,74.335331
806,2015-05-20,75.330002,75.860001,75.220001,75.699997,648700,74.433657
807,2015-05-21,75.480003,75.980003,75.410004,75.800003,627300,74.53199
808,2015-05-22,75.129997,75.160004,74.690002,74.709999,492900,73.46022
809,2015-05-26,74.080002,74.139999,73.029999,73.5,892000,72.270463
810,2015-05-27,73.260002,74.290001,73.129997,74.190002,1148300,72.948922
811,2015-05-28,74.559998,74.610001,73.860001,74.260002,822600,73.017751
812,2015-05-29,74.260002,74.459999,73.75,73.900002,868300,72.663773
813,2015-06-01,74.080002,74.169998,73.279999,73.860001,475600,72.624441
814,2015-06-02,74.629997,75.089996,74.389999,74.68,700400,73.430723
815,2015-06-03,75.209999,75.970001,75.18,75.660004,790100,74.394333
816,2015-06-04,75.199997,76.110001,74.68,74.839996,588000,73.588043
817,2015-06-05,73.629997,74.150002,73.199997,73.639999,815000,72.40812
818,2015-06-08,73.620003,73.75,73.099998,73.419998,733300,72.191799
819,2015-06-09,72.769997,73.019997,72.290001,72.730003,721100,71.513347
820,2015-06-10,73.589996,74.379997,73.169998,74.089996,648000,72.850589
821,2015-06-11,74.459999,74.730003,73.800003,74.199997,587700,72.95875
822,2015-06-12,73.419998,73.919998,72.940002,73.550003,638600,72.319629
823,2015-06-15,72.050003,72.760002,71.93,72.470001,665700,71.257694
824,2015-06-16,72.150002,73.169998,72.040001,72.959999,690800,71.739495
825,2015-06-17,72.879997,73.199997,72.25,72.889999,805400,71.670666
826,2015-06-18,72.57,74.080002,72.470001,73.260002,1253900,72.034479
827,2015-06-19,72.709999,72.849998,72.349998,72.660004,849700,71.444518
828,2015-06-22,74.68,75.57,74.529999,74.809998,1273300,73.558546
829,2015-06-23,74.870003,74.93,74.43,74.480003,560700,73.234072
830,2015-06-24,73.919998,74.120003,73.400002,73.510002,682900,72.280297
831,2015-06-25,73.830002,73.93,73.199997,73.5,683300,72.270463
832,2015-06-26,73.690002,73.75,72.669998,72.970001,608800,71.74933
833,2015-06-29,71.769997,72,70.519997,70.68,1262800,69.497637
834,2015-06-30,70.93,70.949997,69.650002,70.230003,1520400,69.055168
835,2015-07-01,70.800003,70.989998,70.169998,70.370003,1247300,69.192825
836,2015-07-02,70.370003,70.379997,69.720001,69.959999,668500,68.78968
837,2015-07-06,67.809998,68.849998,67.730003,68.260002,1698700,67.118121
838,2015-07-07,67.870003,69.059998,67.019997,68.839996,2377300,67.688413
839,2015-07-08,68.75,69.190002,68.279999,68.480003,955100,67.334442
840,2015-07-09,70.160004,70.540001,69.760002,69.809998,1002400,68.642188
841,2015-07-10,72.839996,72.870003,72.059998,72.269997,1495700,71.061035
842,2015-07-13,72.82,73.059998,72.510002,72.599998,1006400,71.385517
843,2015-07-14,73.099998,73.489998,72.959999,73.209999,816000,71.985313
844,2015-07-15,73.629997,74.760002,73.370003,74.150002,1817800,72.909591
845,2015-07-16,74.690002,74.839996,74.43,74.599998,956100,73.35206
846,2015-07-17,74.68,74.699997,73.910004,74.169998,755000,72.929253
847,2015-07-20,75.040001,75.080002,74.300003,74.459999,1477300,73.214402
848,2015-07-21,74.519997,74.730003,71.910004,72.800003,3605900,71.582175
849,2015-07-22,72.870003,73.239998,72.370003,72.559998,2191800,71.346185
850,2015-07-23,73.309998,73.739998,73.080002,73.419998,1218000,72.191799
851,2015-07-24,73.510002,73.639999,72.230003,72.43,2586200,71.218362
852,2015-07-27,72.489998,72.529999,71.57,71.690002,1819000,70.490743
853,2015-07-28,71.550003,72.389999,71.43,72.260002,2271400,71.051208
854,2015-07-29,71.739998,72.57,71.639999,72.089996,889000,70.884046
855,2015-07-30,71.160004,71.769997,70.75,71.639999,1295600,70.441577
856,2015-07-31,71.870003,72.099998,71.459999,71.669998,520100,70.471074
857,2015-08-03,72.449997,72.449997,71.349998,71.620003,980900,70.421915
858,2015-08-04,72.150002,72.309998,71.769997,71.919998,885400,70.716892
859,2015-08-05,72.220001,72.779999,72.139999,72.349998,447000,71.139699
860,2015-08-06,72.860001,72.959999,72.139999,72.260002,774500,71.051208
861,2015-08-07,71.809998,72.07,71.459999,72,584000,70.795555
862,2015-08-10,72.260002,73.279999,72.25,73.080002,493700,71.85749
863,2015-08-11,72.32,72.410004,71.269997,71.620003,573900,70.421915
864,2015-08-12,70.980003,71.599998,70.230003,71.580002,1114500,70.382583
865,2015-08-13,70.730003,71,70.449997,70.68,721700,69.497637
866,2015-08-14,70.410004,70.720001,70.139999,70.620003,661300,69.438643
867,2015-08-17,69.540001,70.199997,69.410004,70.160004,675400,68.986339
868,2015-08-18,69.75,69.849998,69.440002,69.760002,709900,68.593029
869,2015-08-19,69.529999,70.510002,69.360001,70.169998,1354900,68.996166
870,2015-08-20,70.169998,70.199997,68.089996,68.099998,1364400,66.960794
871,2015-08-21,68.5,68.970001,67.650002,67.709999,2103200,66.577319
872,2015-08-24,64.910004,67.910004,63.060001,65.470001,2794700,64.374793
873,2015-08-25,68.669998,68.910004,66.389999,66.480003,2586500,65.367899
874,2015-08-26,66.910004,67.220001,65.769997,66.800003,7063900,65.682546
875,2015-08-27,67.510002,67.959999,67,67.959999,1489100,66.823137
876,2015-08-28,66.989998,67.57,66.769997,67.459999,1369200,66.331501
877,2015-08-31,67.150002,67.559998,66.870003,67.260002,772600,66.13485
878,2015-09-01,66.129997,66.199997,65.309998,65.589996,1081000,64.492781
879,2015-09-02,65.849998,66.150002,65.190002,66.129997,1495500,65.023748
880,2015-09-03,66.209999,66.68,66.18,66.57,2811400,65.45639
881,2015-09-04,64.760002,65.18,64.349998,64.730003,1669100,63.647174
882,2015-09-08,65.959999,66.370003,65.669998,66.349998,894400,65.240069
883,2015-09-09,66.400002,66.5,64.949997,65.059998,1251200,63.971648
884,2015-09-10,64.980003,66.510002,64.940002,65.980003,1302400,64.876263
885,2015-09-11,65.599998,66.059998,65.529999,66.059998,901400,64.954919
886,2015-09-14,65.839996,66.059998,65.580002,65.800003,605700,64.699274
887,2015-09-15,65.779999,68,65.529999,66.889999,1593800,65.771037
888,2015-09-16,66.660004,67.209999,66.43,66.970001,1332900,65.8497
889,2015-09-17,66.940002,67.639999,66.730003,67.07,1212200,65.948026
890,2015-09-18,65.209999,65.879997,64.809998,64.959999,1397800,63.873322
891,2015-09-21,65.190002,65.410004,64.760002,65.089996,829300,64.001145
892,2015-09-22,63.700001,63.900002,62.939999,63.400002,1421800,62.339421
893,2015-09-23,63.32,63.669998,62.950001,63.48,1606700,62.418081
894,2015-09-24,62.990002,63.419998,62.57,63.380001,2312600,62.319755
895,2015-09-25,64.010002,64.449997,63.669998,63.849998,1777800,62.78189
896,2015-09-28,64.190002,64.190002,63.360001,63.369999,1213800,62.30992
897,2015-09-29,63.509998,64.160004,63.34,63.959999,957400,62.890051
898,2015-09-30,65.269997,65.360001,64.199997,64.790001,911000,63.706168
899,2015-10-01,64.540001,64.650002,63.43,64.160004,891600,63.086709
900,2015-10-02,64.769997,65.82,64.290001,65.800003,1206600,64.699274
901,2015-10-05,66.290001,66.800003,66.230003,66.669998,687000,65.554716
902,2015-10-06,67.089996,67.650002,67.019997,67.32,1002600,66.193844
903,2015-10-07,67.099998,67.599998,66.669998,67.389999,857800,66.262672
904,2015-10-08,66.860001,67.629997,66.669998,67.559998,967600,66.429827
905,2015-10-09,68.519997,68.75,68.080002,68.379997,869400,67.236109
906,2015-10-12,68.230003,68.870003,68.199997,68.449997,1315500,67.304938
907,2015-10-13,68.449997,73.120003,68.449997,72.300003,3456400,71.09054
908,2015-10-14,72.82,73,72.349998,72.779999,925900,71.562506
909,2015-10-15,73.650002,74.230003,73.510002,74.099998,1571600,72.860424
910,2015-10-16,74.900002,75.339996,74.739998,75.339996,938500,74.079679
911,2015-10-19,75.360001,75.410004,74.330002,74.760002,835400,73.509387
912,2015-10-20,75.610001,75.919998,75.150002,75.459999,1199000,74.197674
913,2015-10-21,76.5,76.779999,76.080002,76.169998,1353400,74.895796
914,2015-10-22,76.730003,77.489998,76.620003,77.019997,1049500,75.731575
915,2015-10-23,77.300003,77.650002,76.809998,77.32,938800,76.02656
916,2015-10-26,77.269997,77.620003,77.139999,77.379997,769500,76.085554
917,2015-10-27,77.690002,78.010002,76.870003,77.040001,1518400,75.751245
918,2015-10-28,77.980003,78.75,77.400002,78.029999,1107200,76.724682
919,2015-10-29,77.540001,78.18,77.470001,78.120003,463600,76.81318
920,2015-10-30,78.220001,79.32,78.160004,78.709999,992900,77.393307
921,2015-11-02,79.669998,79.910004,79.5,79.839996,779000,78.504401
922,2015-11-03,79.900002,80.690002,79.860001,80.220001,1249000,78.878049
923,2015-11-04,79.919998,79.940002,78.940002,79.129997,1226100,77.806279
924,2015-11-05,80.379997,80.550003,79.910004,79.949997,1259200,78.612561
925,2015-11-06,78.75,78.959999,78.07,78.790001,1575800,77.47197
926,2015-11-09,79.07,79.110001,78.18,78.839996,934200,77.521129
927,2015-11-10,77.650002,78.410004,77.510002,78.300003,1198100,76.990169
928,2015-11-11,78.970001,79.57,78.800003,79.339996,1884700,78.012765
929,2015-11-12,78.879997,79.68,78.75,79.139999,1123700,77.816114
930,2015-11-13,78.18,78.489998,77.610001,77.959999,785800,76.655853
931,2015-11-16,77.510002,78.07,77.419998,78.029999,683200,76.724682
932,2015-11-17,78.309998,78.699997,78.080002,78.139999,808500,76.832842
933,2015-11-18,78.75,79.5,78.290001,79.389999,863700,78.061932
934,2015-11-19,80,80.419998,79.900002,80.160004,753400,78.819055
935,2015-11-20,80.300003,80.330002,79.620003,79.769997,591600,78.435572
936,2015-11-23,79.269997,79.5,78.830002,79.099998,1142600,77.776782
937,2015-11-24,78.519997,78.879997,78.019997,78.639999,933700,77.324478
938,2015-11-25,78.699997,79.239998,78.540001,79,486000,77.678456
939,2015-11-27,78.839996,79.150002,78.660004,79.050003,377600,77.727623
940,2015-11-30,78.779999,79.120003,78.459999,79,1204700,77.678456
941,2015-12-01,79.43,79.769997,79.18,79.720001,699600,78.386413
942,2015-12-02,79.360001,79.489998,78.900002,79.129997,1207200,77.806279
943,2015-12-03,79.260002,79.410004,78.129997,78.489998,1427100,77.176986
944,2015-12-04,78.080002,79.160004,78.040001,78.980003,1417500,77.658794
945,2015-12-07,79.330002,79.370003,78.860001,79.269997,801800,77.943936
946,2015-12-08,78.93,79.209999,78.599998,78.889999,776800,77.570296
947,2015-12-09,78.879997,79.360001,77.779999,78.269997,679400,76.960665
948,2015-12-10,78.730003,78.870003,78.230003,78.370003,705000,77.058998
949,2015-12-11,77.449997,77.809998,77.019997,77.209999,725300,75.918399
950,2015-12-14,77.400002,77.970001,76.580002,77.480003,1468500,76.183887
951,2015-12-15,78.580002,78.739998,78.010002,78.260002,796400,76.950837
952,2015-12-16,78.440002,78.870003,77.519997,78.480003,1370200,77.167158
953,2015-12-17,79.410004,79.5,78.379997,78.410004,1038400,77.09833
954,2015-12-18,78.400002,78.470001,77.809998,78.120003,1114200,76.81318
955,2015-12-21,79.279999,79.410004,78.279999,78.68,912200,77.36381
956,2015-12-22,78.660004,79.260002,78.18,79.099998,734000,77.776782
957,2015-12-23,79.169998,79.900002,79.139999,79.809998,566600,78.474904
958,2015-12-24,79.849998,80.360001,79.690002,80.050003,163200,78.710894
959,2015-12-28,80.129997,80.330002,79.830002,80.309998,332000,78.96654
960,2015-12-29,80.629997,81.209999,80.620003,80.910004,427300,79.556509
961,2015-12-30,80.540001,80.669998,80.150002,80.150002,369000,78.80922
962,2015-12-31,79.709999,79.809998,79.07,79.099998,267900,77.776782
963,2016-01-04,76.739998,77.18,75.889999,77.139999,1075400,75.849571
964,2016-01-05,76.330002,77.099998,76.160004,76.970001,1392000,75.682416
965,2016-01-06,76.809998,77.790001,76.660004,77.650002,1031600,76.351041
966,2016-01-07,76.900002,77.970001,76.68,77.209999,1670200,75.918399
967,2016-01-08,78.269997,78.349998,76.760002,76.900002,1186800,75.613587
968,2016-01-11,78.129997,78.720001,77.739998,78.559998,1519700,77.245814
969,2016-01-12,80.959999,80.989998,79.900002,80.360001,3382600,79.015706
970,2016-01-13,80.389999,80.599998,77.970001,78.43,2530400,77.117992
971,2016-01-14,79.410004,80.269997,78.93,79.720001,1988800,78.386413
972,2016-01-15,77.239998,77.769997,76.650002,76.900002,1583100,75.613587
973,2016-01-19,78.790001,79.07,77.769997,78.339996,1658900,77.029493
974,2016-01-20,77.669998,78,76.059998,77.470001,2242400,76.174052
975,2016-01-21,77.43,78.309998,76.629997,77.989998,2028200,76.68535
976,2016-01-22,77.690002,78.400002,77.5,78.269997,2273300,76.960665
977,2016-01-25,78.550003,79.330002,78.190002,78.309998,1356300,76.999997
978,2016-01-26,77.959999,78.980003,77.879997,78.940002,867300,77.619462
979,2016-01-27,79.040001,80.099998,78.639999,78.889999,992100,77.570296
980,2016-01-28,78.82,78.910004,77.440002,77.699997,1581800,76.4002
981,2016-01-29,78.220001,79.830002,78.150002,79.800003,1339400,78.465077
982,2016-02-01,78.669998,79.970001,78.550003,79.699997,1213300,78.366743
983,2016-02-02,78.470001,78.540001,77.580002,77.709999,1300400,76.410035
984,2016-02-03,78.610001,79.330002,77.43,79.07,1274600,77.747285
985,2016-02-04,77.790001,78.669998,77.540001,78.230003,1283400,76.92134
986,2016-02-05,77.389999,77.419998,74.93,75.400002,1756200,74.13868
987,2016-02-08,73.760002,74.370003,73.290001,74.309998,2167700,73.06691
988,2016-02-09,73.480003,75.589996,73.419998,74.879997,2887200,73.627375
989,2016-02-10,75.57,75.989998,74.860001,74.949997,1645000,73.696203
990,2016-02-11,74.580002,74.800003,73.690002,74.290001,1253500,73.047248
991,2016-02-12,73.360001,73.699997,72.660004,73.68,1514000,72.447452
992,2016-02-16,74.949997,76.040001,74.459999,75.739998,1720700,74.472989
993,2016-02-17,76.120003,76.889999,75.989998,76.769997,1091300,75.485757
994,2016-02-18,77.269997,77.32,76.540001,76.75,805000,75.466095
995,2016-02-19,76.559998,77.769997,76.43,77.629997,1359700,76.331372
996,2016-02-22,77.269997,77.879997,77.269997,77.599998,1417700,76.301875
997,2016-02-23,77.32,77.440002,76.699997,76.779999,562500,75.495592
998,2016-02-24,75.110001,76.18,74.699997,76.029999,1021100,74.758138
999,2016-02-25,77.199997,78.089996,76.919998,78.080002,1007300,76.773848
1000,2016-02-26,78.080002,78.080002,76.360001,76.419998,1389600,75.141614
1001,2016-02-29,75.370003,76.199997,75.32,75.339996,791500,74.079679
1002,2016-03-01,76.790001,77.919998,76.720001,77.910004,892800,76.606694
1003,2016-03-02,77.099998,77.739998,76.68,77.709999,1079600,76.410035
1004,2016-03-03,76.300003,76.769997,75.790001,76.669998,830400,75.387432
1005,2016-03-04,77,77.419998,76.510002,76.940002,957300,75.652919
1006,2016-03-07,76.400002,76.790001,76.110001,76.459999,1194600,75.180946
1007,2016-03-08,76.300003,76.980003,76.220001,76.339996,628900,75.06295
1008,2016-03-09,77.169998,77.309998,76.720001,77.019997,757600,75.731575
1009,2016-03-10,77.879997,78.489998,76.199997,76.860001,1087800,75.574256
1010,2016-03-11,77.610001,78.720001,77.519997,78.650002,750100,77.334313
1011,2016-03-14,78.82,79.120003,78.57,78.760002,549100,77.442473
1012,2016-03-15,78.980003,79.389999,78.790001,79.32,431200,77.993103
1013,2016-03-16,78.980003,80.209999,78.839996,80.07,553000,78.730557
1014,2016-03-17,79.209999,80.18,79.059998,79.879997,659100,78.543733
1015,2016-03-18,79.550003,80.300003,79.209999,79.910004,707700,78.573237
1016,2016-03-21,79.550003,79.900002,79.389999,79.620003,688600,78.288087
1017,2016-03-22,78.919998,79.769997,78.82,79.559998,322700,78.229086
1018,2016-03-23,80.150002,80.150002,79.330002,79.489998,705800,78.160257
1019,2016-03-24,79.190002,79.529999,79.07,79.440002,389300,78.111098
1020,2016-03-28,79.779999,80.470001,79.43,80.230003,797200,78.887884
1021,2016-03-29,78.889999,80.279999,78.669998,80.199997,1082600,78.858379
1022,2016-03-30,80.660004,81.230003,80.599998,80.690002,966300,79.340188
1023,2016-03-31,80.949997,81.239998,80.379997,80.419998,608000,79.0747
1024,2016-04-01,78.720001,79.970001,78.690002,79.730003,842400,78.396248
1025,2016-04-04,79.900002,80.110001,79.32,79.540001,710300,78.209424
1026,2016-04-05,78.339996,78.5,77.760002,77.849998,1881500,76.547692
1027,2016-04-06,77.800003,79.190002,77.75,79.190002,746800,77.86528
1028,2016-04-07,77.660004,77.910004,77.120003,77.269997,955600,75.977393
1029,2016-04-08,77.379997,77.470001,76.629997,76.709999,2004800,75.426763
1030,2016-04-11,76.709999,77.540001,76.709999,76.900002,1991200,75.613587
1031,2016-04-12,77.25,78.68,77.059998,78.580002,1717600,77.265484
1032,2016-04-13,77.940002,78.43,77.709999,78.330002,747800,77.019666
1033,2016-04-14,78.989998,79.120003,78.620003,79.029999,932700,77.707953
1034,2016-04-15,78.889999,79.169998,78.370003,78.510002,515500,77.196655
1035,2016-04-18,79.019997,79.709999,78.980003,79.339996,690400,78.012765
1036,2016-04-19,80.970001,81.040001,80.199997,80.629997,1447100,79.281186
1037,2016-04-20,80.25,80.900002,80.029999,80.550003,1574100,79.20253
1038,2016-04-21,80,80.599998,79.720001,80.120003,861100,78.779723
1039,2016-04-22,80.660004,80.720001,79.790001,80.199997,891000,78.858379
1040,2016-04-25,79.510002,80.019997,79.32,79.949997,599500,78.612561
1041,2016-04-26,79.199997,79.809998,78.980003,79.5,869700,78.170092
1042,2016-04-27,80.379997,81.190002,80.199997,81.019997,1350900,79.664662
1043,2016-04-28,79.519997,80.190002,79.199997,79.370003,982700,78.042269
1044,2016-04-29,78.739998,78.830002,78.169998,78.620003,878700,77.304816
1045,2016-05-02,79.68,79.860001,79.150002,79.75,893600,78.41591
1046,2016-05-03,78.82,79.010002,78.18,78.519997,710300,77.206483
1047,2016-05-04,77.620003,77.68,77.169998,77.470001,1121700,76.174052
1048,2016-05-05,76.800003,77.75,76.669998,77.07,1288100,75.780742
1049,2016-05-06,76.989998,77.440002,76.790001,77.330002,467300,76.036395
1050,2016-05-09,78.410004,78.699997,78.150002,78.309998,933500,76.999997
1051,2016-05-10,76.860001,77.629997,76.849998,77.589996,620900,77.589996
1052,2016-05-11,77,77.489998,76.849998,76.860001,974100,76.860001
1053,2016-05-12,77.889999,78.040001,76.870003,77.25,559100,77.25
1054,2016-05-13,77.089996,77.419998,76.739998,77.029999,1193300,77.029999
1055,2016-05-16,77.230003,78.120003,77.150002,77.830002,595600,77.830002
1056,2016-05-17,77.489998,77.669998,76.699997,76.959999,956100,76.959999
1057,2016-05-18,77,78.169998,76.860001,77.519997,660900,77.519997
1058,2016-05-19,77.110001,77.32,76.550003,76.800003,801000,76.800003
1059,2016-05-20,77.660004,77.959999,77.470001,77.720001,883400,77.720001
1060,2016-05-23,78.269997,78.580002,77.900002,77.949997,730600,77.949997
1061,2016-05-24,79.110001,79.730003,79.080002,79.550003,855500,79.550003
1062,2016-05-25,80.550003,80.790001,80.129997,80.510002,2741800,80.510002
1063,2016-05-26,81.43,81.540001,80.989998,81.209999,917200,81.209999
1064,2016-05-27,81.190002,81.330002,80.760002,81,506600,81
1065,2016-05-31,81.519997,81.620003,80.82,81.07,1342500,81.07
1066,2016-06-01,80.970001,81.260002,80.830002,81.209999,772300,81.209999
1067,2016-06-02,80.540001,80.919998,80.25,80.919998,617300,80.919998
1068,2016-06-03,80.870003,81.370003,80.510002,81.169998,560900,81.169998
1069,2016-06-06,81.370003,81.540001,81.029999,81.330002,456700,81.330002
1070,2016-06-07,81.970001,82.190002,81.809998,81.900002,468100,81.900002
1071,2016-06-08,81.669998,81.730003,81.18,81.519997,425100,81.519997
1072,2016-06-09,80.550003,81.010002,80.550003,80.739998,368500,80.739998
1073,2016-06-10,78.910004,79.230003,77.940002,78.440002,1258700,78.440002
1074,2016-06-13,76.730003,77.43,76.690002,76.790001,1493800,76.790001
1075,2016-06-14,75.25,76.129997,75.220001,76.110001,2129900,76.110001
1076,2016-06-15,76.029999,76.470001,75.790001,75.830002,1329300,75.830002
1077,2016-06-16,74.860001,76.32,74.43,76.199997,1790100,76.199997
1078,2016-06-17,76.68,77.040001,75.800003,76.900002,1097200,76.900002
1079,2016-06-20,79.269997,79.300003,78.059998,78.089996,1038400,78.089996
1080,2016-06-21,79.150002,79.779999,78.879997,79.419998,994700,79.419998
1081,2016-06-22,80.010002,80.190002,78.800003,78.830002,1132700,78.830002
1082,2016-06-23,80.519997,81.18,79.779999,81.07,1349100,81.07
1083,2016-06-24,74.169998,76.309998,73.919998,73.940002,3748700,73.940002
1084,2016-06-27,72.349998,72.360001,71.389999,72.019997,2168500,72.019997
1085,2016-06-28,73.68,74,73.059998,73.849998,1078100,73.849998
1086,2016-06-29,75.260002,75.400002,74.550003,75.099998,949600,75.099998
1087,2016-06-30,74.389999,75.029999,73.800003,75.019997,1007700,75.019997
1088,2016-07-01,75.43,75.580002,74.849998,74.970001,440900,74.970001
1089,2016-07-05,74.940002,74.980003,73.940002,74.160004,927100,74.160004
1090,2016-07-06,73.730003,74.760002,73.330002,74.709999,1131600,74.709999
1091,2016-07-07,74.620003,74.849998,74.379997,74.589996,1220200,74.589996
1092,2016-07-08,76.260002,76.779999,75.919998,76.599998,1438000,76.599998
1093,2016-07-11,77.870003,78.139999,77.730003,78.019997,1417600,78.019997
1094,2016-07-12,78.43,78.699997,78.050003,78.309998,1122100,78.309998
1095,2016-07-13,78.220001,78.669998,78.019997,78.089996,544900,78.089996
1096,2016-07-14,79.260002,79.529999,78.949997,79.209999,997400,79.209999
1097,2016-07-15,78.690002,78.989998,78.559998,78.970001,702400,78.970001
1098,2016-07-18,79.099998,79.650002,78.800003,79.589996,1182300,79.589996
1099,2016-07-19,79.099998,79.449997,78.709999,79.32,1406600,79.32
1100,2016-07-20,82.980003,83.809998,82.82,83.709999,2905100,83.709999
1101,2016-07-21,84.419998,84.860001,83.889999,84.199997,2115200,84.199997
1102,2016-07-22,83.940002,84.809998,83.839996,84.449997,1513400,84.449997
1103,2016-07-25,84.599998,84.790001,84.360001,84.690002,787800,84.690002
1104,2016-07-26,85.349998,85.550003,85.07,85.330002,916800,85.330002
1105,2016-07-27,86.32,86.410004,85.629997,86.150002,1154900,86.150002
1106,2016-07-28,86.82,87.07,86.470001,86.540001,1969400,86.540001
1107,2016-07-29,87.559998,87.779999,87.139999,87.389999,1801600,87.389999
1108,2016-08-01,87.169998,87.620003,87.019997,87.279999,692300,87.279999
1109,2016-08-02,86.660004,86.68,86.139999,86.529999,1455600,86.529999
1110,2016-08-03,85.970001,86.18,85.870003,86.150002,734700,86.150002
1111,2016-08-04,85.290001,86.129997,85.279999,85.970001,1326200,85.970001
1112,2016-08-05,85.540001,86.269997,85.489998,86.209999,1115300,86.209999
1113,2016-08-08,85.279999,85.900002,85.279999,85.870003,547400,85.870003
1114,2016-08-09,86.309998,87.870003,86.279999,87.279999,1287100,87.279999
1115,2016-08-10,87.860001,87.919998,87.489998,87.669998,831400,87.669998
1116,2016-08-11,88.040001,88.139999,87.68,87.720001,1161100,87.720001
1117,2016-08-12,88.129997,88.150002,87.379997,87.529999,811300,87.529999
1118,2016-08-15,87.760002,88.169998,87.690002,88,437300,88
1119,2016-08-16,87.980003,88.25,87.730003,87.739998,711700,87.739998
1120,2016-08-17,87.599998,88.019997,87.25,87.860001,428000,87.860001
1121,2016-08-18,87.82,88.129997,87.68,88.050003,299500,88.050003
1122,2016-08-19,88.370003,88.400002,87.919998,88.18,530200,88.18
1123,2016-08-22,87.269997,87.650002,87.129997,87.559998,351700,87.559998
1124,2016-08-23,87.919998,88.110001,87.610001,87.779999,339500,87.779999
1125,2016-08-24,87.650002,87.709999,87.239998,87.360001,386600,87.360001
1126,2016-08-25,87.260002,87.540001,87.129997,87.389999,424700,87.389999
1127,2016-08-26,87.580002,88.550003,86.879997,87.269997,868900,87.269997
1128,2016-08-29,86.669998,87.440002,86.660004,87.199997,725000,87.199997
1129,2016-08-30,88.699997,88.989998,88.529999,88.739998,720000,88.739998
1130,2016-08-31,87.879997,88.199997,87.599998,87.970001,490100,87.970001
1131,2016-09-01,88.279999,88.529999,87.919998,88.470001,612100,88.470001
1132,2016-09-02,89.32,89.809998,89.089996,89.639999,536000,89.639999
1133,2016-09-06,90.220001,90.5,89.900002,90.400002,537100,90.400002
1134,2016-09-07,90.769997,91,90.360001,90.82,621300,90.82
1135,2016-09-08,90.379997,90.519997,89.5,89.540001,1057500,89.540001
1136,2016-09-09,88.639999,88.720001,87.599998,87.639999,1210500,87.639999
1137,2016-09-12,87.379997,88.809998,87.279999,88.760002,889200,88.760002
1138,2016-09-13,88.230003,88.510002,87.690002,88.150002,934800,88.150002
1139,2016-09-14,88.129997,88.760002,88.07,88.32,561300,88.32
1140,2016-09-15,87.769997,88.809998,87.529999,88.669998,752100,88.669998
1141,2016-09-16,86.93,87.18,86.699997,86.860001,1034900,86.860001
1142,2016-09-19,88.209999,88.480003,87.849998,88.089996,476300,88.089996
1143,2016-09-20,89.370003,89.389999,88.849998,89.040001,699100,89.040001
1144,2016-09-21,89.449997,90.419998,89.160004,90.32,714800,90.32
1145,2016-09-22,92.580002,92.760002,92.190002,92.360001,1825600,92.360001
1146,2016-09-23,91.760002,91.889999,91.510002,91.540001,726300,91.540001
1147,2016-09-26,90.970001,91.029999,90.5,90.739998,628800,90.739998
1148,2016-09-27,89.760002,91.160004,89.650002,91.059998,731200,91.059998
1149,2016-09-28,91.449997,92.18,90.900002,92.080002,926200,92.080002
1150,2016-09-29,90.959999,91.349998,89.199997,89.540001,952800,89.540001
1151,2016-09-30,90.010002,91.660004,89.839996,91.410004,1029200,91.410004
1152,2016-10-03,90.919998,91.309998,90.589996,90.889999,545000,90.889999
1153,2016-10-04,90.459999,91.120003,90.339996,90.57,584000,90.57
1154,2016-10-05,91.379997,91.449997,90.849998,90.959999,422500,90.959999
1155,2016-10-06,90.82,91.019997,90.639999,90.93,940200,90.93
1156,2016-10-07,90.480003,90.540001,89.059998,89.57,984500,89.57
1157,2016-10-10,89.970001,90.230003,89.910004,90.089996,750100,90.089996
1158,2016-10-11,89.639999,89.699997,88.540001,88.610001,897500,88.610001
1159,2016-10-12,87.610001,87.720001,87.110001,87.220001,921600,87.220001
1160,2016-10-13,86.489998,87.519997,86.160004,87.239998,651500,87.239998
1161,2016-10-14,86.949997,87.279999,86.07,86.129997,1358300,86.129997
1162,2016-10-17,86.440002,86.660004,86.190002,86.349998,600700,86.349998
1163,2016-10-18,88.169998,88.199997,87.480003,87.660004,1086800,87.660004
1164,2016-10-19,87.190002,87.5,86.900002,86.959999,578100,86.959999
1165,2016-10-20,86.389999,87.440002,86.199997,87.279999,1157200,87.279999
1166,2016-10-21,89.220001,89.379997,88.360001,88.82,3089200,88.82
1167,2016-10-24,89.059998,89.199997,88.199997,88.330002,938400,88.330002
1168,2016-10-25,88.150002,88.629997,88.019997,88.309998,697300,88.309998
1169,2016-10-26,87.779999,88.370003,87.650002,87.760002,528800,87.760002
1170,2016-10-27,88.309998,88.389999,87.629997,87.660004,799700,87.660004
1171,2016-10-28,87.769997,88.43,87.660004,87.889999,461200,87.889999
1172,2016-10-31,87.879997,88.300003,87.690002,87.839996,637700,87.839996
1173,2016-11-01,87.709999,87.760002,85.860001,86.300003,751100,86.300003
1174,2016-11-02,86.470001,86.800003,85.830002,86.050003,765200,86.050003
1175,2016-11-03,85.440002,85.599998,84.650002,84.709999,923200,84.709999
1176,2016-11-04,85.550003,85.879997,85.199997,85.349998,616500,85.349998
1177,2016-11-07,86.169998,86.739998,86.120003,86.709999,627600,86.709999
1178,2016-11-08,86.269997,86.830002,86.25,86.459999,717500,86.459999
1179,2016-11-09,84.550003,86.230003,84.550003,85.970001,762300,85.970001
1180,2016-11-10,84.830002,85.529999,83.650002,84.349998,1319800,84.349998
1181,2016-11-11,82.599998,83.260002,82.260002,83.120003,1386000,83.120003
1182,2016-11-14,81.440002,81.860001,81.07,81.610001,1289400,81.610001
1183,2016-11-15,80.949997,81.889999,80.93,81.839996,1905500,81.839996
1184,2016-11-16,81.629997,82.519997,81.620003,82.239998,883600,82.239998
1185,2016-11-17,82.150002,82.690002,82.040001,82.459999,1081900,82.459999
1186,2016-11-18,82.919998,83.279999,82.730003,83.220001,870400,83.220001
1187,2016-11-21,83.839996,84.25,83.650002,84.25,683400,84.25
1188,2016-11-22,84.790001,85.519997,84.360001,85.400002,1735200,85.400002
1189,2016-11-23,83.739998,84.190002,83.57,84.139999,843300,84.139999
1190,2016-11-25,85.800003,85.849998,85.349998,85.610001,658100,85.610001
1191,2016-11-28,85.010002,85.230003,84.529999,84.559998,710700,84.559998
1192,2016-11-29,83.919998,84.790001,83.82,84.519997,597800,84.519997
1193,2016-11-30,84.290001,84.290001,83.160004,83.220001,596400,83.220001
1194,2016-12-01,82.889999,82.970001,81.75,81.910004,868200,81.910004
1195,2016-12-02,81.470001,82.419998,81.300003,81.919998,1253500,81.919998
1196,2016-12-05,82.849998,83.290001,82.589996,83.129997,438800,83.129997
1197,2016-12-06,82.489998,83.150002,82.449997,82.989998,680400,82.989998
1198,2016-12-07,83.5,84.949997,83.449997,84.739998,583900,84.739998
1199,2016-12-08,84.169998,84.639999,84.050003,84.239998,877400,84.239998
1200,2016-12-09,84.370003,84.620003,84.209999,84.43,552500,84.43
1201,2016-12-12,84.699997,84.730003,84.029999,84.459999,767000,84.459999
1202,2016-12-13,85.169998,86.050003,85.169998,85.440002,486500,85.440002
1203,2016-12-14,85.599998,85.980003,84.709999,84.910004,686900,84.910004
1204,2016-12-15,84.279999,84.940002,84.139999,84.68,770800,84.68
1205,2016-12-16,84.809998,85.209999,84.760002,85.010002,569100,85.010002
1206,2016-12-19,85.470001,85.879997,85.110001,85.269997,424300,85.269997
1207,2016-12-20,85.769997,86.089996,85.580002,86.050003,426400,86.050003
1208,2016-12-21,86.610001,86.669998,85.849998,85.949997,478200,85.949997
1209,2016-12-22,85.949997,85.989998,85.580002,85.709999,1020800,85.709999
1210,2016-12-23,85.440002,85.75,85.419998,85.690002,349400,85.690002
1211,2016-12-27,85.760002,86.139999,85.730003,85.800003,320300,85.800003
1212,2016-12-28,85.919998,86.029999,85.540001,85.68,363400,85.68
1213,2016-12-29,86.379997,86.690002,86.230003,86.510002,529600,86.510002
1214,2016-12-30,86.919998,87.230003,86.07,86.43,834300,86.43
1215,2017-01-03,86.25,86.440002,85.919998,86.300003,803700,86.300003
1216,2017-01-04,85.660004,86.699997,85.489998,86.660004,1057700,86.660004
1217,2017-01-05,86.370003,87.949997,86.330002,87.849998,1257900,87.849998
1218,2017-01-06,87.82,88.730003,87.720001,88.470001,911400,88.470001
1219,2017-01-09,88.970001,89.480003,88.919998,89.360001,1214400,89.360001
1220,2017-01-10,89.029999,89.279999,88.510002,88.629997,579900,88.629997
1221,2017-01-11,87.830002,88.919998,87.760002,88.790001,1417900,88.790001
1222,2017-01-12,88.720001,89.620003,88.669998,89.389999,614400,89.389999
1223,2017-01-13,89.279999,89.68,89.099998,89.440002,406100,89.440002
1224,2017-01-17,89.510002,89.739998,89.279999,89.639999,853600,89.639999
1225,2017-01-18,88.900002,89.379997,88.870003,89.349998,789700,89.349998
1226,2017-01-19,88.800003,89.489998,88.800003,89.230003,1153600,89.230003
1227,2017-01-20,89.370003,89.589996,89.309998,89.400002,424300,89.400002
1228,2017-01-23,89.440002,89.470001,88.839996,89.300003,647000,89.300003
1229,2017-01-24,90.010002,90.129997,89.309998,89.629997,1187700,89.629997
1230,2017-01-25,90.940002,91.290001,90.559998,91.220001,1012900,91.220001
1231,2017-01-26,90.639999,91.040001,90.43,90.82,763900,90.82
1232,2017-01-27,91.220001,91.559998,90.870003,91.120003,786600,91.120003
1233,2017-01-30,90.669998,91.440002,90.489998,91.330002,1127100,91.330002
1234,2017-01-31,91.730003,91.800003,91.190002,91.510002,915400,91.510002
1235,2017-02-01,90.93,91.010002,90.190002,90.709999,1176200,90.709999
1236,2017-02-02,92.559998,92.639999,91.75,91.870003,1472300,91.870003
1237,2017-02-03,92.400002,92.580002,92.07,92.519997,628100,92.519997
1238,2017-02-06,90.889999,91.330002,90.809998,91.25,1103900,91.25
1239,2017-02-07,91.360001,91.989998,91.309998,91.959999,1527300,91.959999
1240,2017-02-08,91.720001,92.220001,91.620003,91.790001,653200,91.790001
1241,2017-02-09,91.900002,92.169998,91.709999,91.709999,548600,91.709999
1242,2017-02-10,91.699997,91.940002,91.639999,91.730003,417000,91.730003
1243,2017-02-13,92.879997,92.93,92.480003,92.529999,392100,92.529999
1244,2017-02-14,92.489998,92.529999,92.080002,92.470001,433600,92.470001
1245,2017-02-15,91.440002,92.550003,91.389999,92.449997,697900,92.449997
1246,2017-02-16,92.480003,92.839996,92.449997,92.75,597800,92.75
1247,2017-02-17,92.239998,92.580002,92.190002,92.459999,724400,92.459999
1248,2017-02-21,92.550003,93.150002,92.510002,93.150002,604400,93.150002
1249,2017-02-22,93.559998,94.169998,93.419998,94.010002,606100,94.010002
1250,2017-02-23,93.919998,94.449997,93.830002,94.139999,449600,94.139999
1251,2017-02-24,93.010002,93.370003,92.769997,93.370003,630000,93.370003
1252,2017-02-27,92.889999,93.349998,92.870003,93.220001,511500,93.220001
1253,2017-02-28,93.160004,93.580002,93.160004,93.18,519000,93.18
1254,2017-03-01,93.959999,94.660004,93.889999,94.480003,1028200,94.480003
1255,2017-03-02,93.910004,94.709999,93.809998,94.459999,555000,94.459999
1256,2017-03-03,94.120003,94.639999,94.010002,94.639999,490200,94.639999
1257,2017-03-06,94.190002,94.290001,93.790001,94.089996,380100,94.089996
